--------------------------------------------------------
-- Archivo creado  - jueves-mayo-07-2026   
--------------------------------------------------------
--------------------------------------------------------
--  DDL for Table ASISTENCIA_TURNOS
--------------------------------------------------------

  CREATE TABLE "GUSTAVO_ALVA"."ASISTENCIA_TURNOS" 
   (	"ASISTENCIA_ID" NUMBER GENERATED ALWAYS AS IDENTITY MINVALUE 1 MAXVALUE 9999999999999999999999999999 INCREMENT BY 1 START WITH 1 CACHE 20 NOORDER  NOCYCLE  NOKEEP  NOSCALE , 
	"EMPLEADO_ID" NUMBER, 
	"FECHA" DATE DEFAULT CURRENT_DATE, 
	"HORA_ENTRADA" TIMESTAMP (6), 
	"HORA_SALIDA" TIMESTAMP (6)
   ) SEGMENT CREATION DEFERRED 
  PCTFREE 10 PCTUSED 40 INITRANS 1 MAXTRANS 255 
 NOCOMPRESS LOGGING
  TABLESPACE "USERS" ;
--------------------------------------------------------
--  DDL for Table CAJA_DIARIA
--------------------------------------------------------

  CREATE TABLE "GUSTAVO_ALVA"."CAJA_DIARIA" 
   (	"CAJA_ID" NUMBER GENERATED ALWAYS AS IDENTITY MINVALUE 1 MAXVALUE 9999999999999999999999999999 INCREMENT BY 1 START WITH 1 CACHE 20 NOORDER  NOCYCLE  NOKEEP  NOSCALE , 
	"EMPLEADO_ID" NUMBER, 
	"FECHA_APERTURA" TIMESTAMP (6) DEFAULT CURRENT_TIMESTAMP, 
	"MONTO_INICIAL" NUMBER(10,2), 
	"MONTO_FINAL_ARQUEO" NUMBER(10,2), 
	"ESTADO_CAJA" VARCHAR2(20 BYTE) DEFAULT 'Abierta', 
	"FECHA_CIERRE" TIMESTAMP (6), 
	"DIFERENCIA" NUMBER(10,2)
   ) SEGMENT CREATION IMMEDIATE 
  PCTFREE 10 PCTUSED 40 INITRANS 1 MAXTRANS 255 
 NOCOMPRESS LOGGING
  STORAGE(INITIAL 65536 NEXT 1048576 MINEXTENTS 1 MAXEXTENTS 2147483645
  PCTINCREASE 0 FREELISTS 1 FREELIST GROUPS 1
  BUFFER_POOL DEFAULT FLASH_CACHE DEFAULT CELL_FLASH_CACHE DEFAULT)
  TABLESPACE "USERS" ;
--------------------------------------------------------
--  DDL for Table CATEGORIAS_MENU
--------------------------------------------------------

  CREATE TABLE "GUSTAVO_ALVA"."CATEGORIAS_MENU" 
   (	"CATEGORIA_ID" NUMBER GENERATED ALWAYS AS IDENTITY MINVALUE 1 MAXVALUE 9999999999999999999999999999 INCREMENT BY 1 START WITH 1 CACHE 20 NOORDER  NOCYCLE  NOKEEP  NOSCALE , 
	"NOMBRE_CATEGORIA" VARCHAR2(50 BYTE)
   ) SEGMENT CREATION IMMEDIATE 
  PCTFREE 10 PCTUSED 40 INITRANS 1 MAXTRANS 255 
 NOCOMPRESS LOGGING
  STORAGE(INITIAL 65536 NEXT 1048576 MINEXTENTS 1 MAXEXTENTS 2147483645
  PCTINCREASE 0 FREELISTS 1 FREELIST GROUPS 1
  BUFFER_POOL DEFAULT FLASH_CACHE DEFAULT CELL_FLASH_CACHE DEFAULT)
  TABLESPACE "USERS" ;
--------------------------------------------------------
--  DDL for Table CLIENTES
--------------------------------------------------------

  CREATE TABLE "GUSTAVO_ALVA"."CLIENTES" 
   (	"CLIENTE_ID" NUMBER GENERATED ALWAYS AS IDENTITY MINVALUE 1 MAXVALUE 9999999999999999999999999999 INCREMENT BY 1 START WITH 1 CACHE 20 NOORDER  NOCYCLE  NOKEEP  NOSCALE , 
	"TIPO_CLIENTE" VARCHAR2(20 BYTE) DEFAULT 'PERSONA', 
	"NOMBRE" VARCHAR2(150 BYTE), 
	"DNI" VARCHAR2(11 BYTE), 
	"TELEFONO" VARCHAR2(20 BYTE), 
	"EMAIL" VARCHAR2(100 BYTE), 
	"DIRECCION" VARCHAR2(200 BYTE), 
	"PUNTOS_FIDELIDAD" NUMBER DEFAULT 0, 
	"FECHA_REGISTRO" DATE DEFAULT CURRENT_DATE, 
	"APELLIDO" VARCHAR2(100 BYTE)
   ) SEGMENT CREATION IMMEDIATE 
  PCTFREE 10 PCTUSED 40 INITRANS 1 MAXTRANS 255 
 NOCOMPRESS LOGGING
  STORAGE(INITIAL 65536 NEXT 1048576 MINEXTENTS 1 MAXEXTENTS 2147483645
  PCTINCREASE 0 FREELISTS 1 FREELIST GROUPS 1
  BUFFER_POOL DEFAULT FLASH_CACHE DEFAULT CELL_FLASH_CACHE DEFAULT)
  TABLESPACE "USERS" ;
--------------------------------------------------------
--  DDL for Table COMPROBANTES_PAGO
--------------------------------------------------------

  CREATE TABLE "GUSTAVO_ALVA"."COMPROBANTES_PAGO" 
   (	"COMPROBANTE_ID" NUMBER GENERATED ALWAYS AS IDENTITY MINVALUE 1 MAXVALUE 9999999999999999999999999999 INCREMENT BY 1 START WITH 1 CACHE 20 NOORDER  NOCYCLE  NOKEEP  NOSCALE , 
	"VENTA_ID" NUMBER, 
	"TIPO_COMPROBANTE" VARCHAR2(20 BYTE), 
	"SERIE_NUMERO" VARCHAR2(20 BYTE), 
	"FECHA_EMISION" TIMESTAMP (6) DEFAULT CURRENT_TIMESTAMP, 
	"ESTADO" VARCHAR2(20 BYTE) DEFAULT 'Emitido', 
	"ID_METODO" NUMBER
   ) SEGMENT CREATION IMMEDIATE 
  PCTFREE 10 PCTUSED 40 INITRANS 1 MAXTRANS 255 
 NOCOMPRESS LOGGING
  STORAGE(INITIAL 65536 NEXT 1048576 MINEXTENTS 1 MAXEXTENTS 2147483645
  PCTINCREASE 0 FREELISTS 1 FREELIST GROUPS 1
  BUFFER_POOL DEFAULT FLASH_CACHE DEFAULT CELL_FLASH_CACHE DEFAULT)
  TABLESPACE "USERS" ;
--------------------------------------------------------
--  DDL for Table EMPLEADOS
--------------------------------------------------------

  CREATE TABLE "GUSTAVO_ALVA"."EMPLEADOS" 
   (	"EMPLEADO_ID" NUMBER GENERATED ALWAYS AS IDENTITY MINVALUE 1 MAXVALUE 9999999999999999999999999999 INCREMENT BY 1 START WITH 1 CACHE 20 NOORDER  NOCYCLE  NOKEEP  NOSCALE , 
	"ROL_ID" NUMBER, 
	"NOMBRE" VARCHAR2(100 BYTE), 
	"DNI" CHAR(8 BYTE), 
	"ESTADO" VARCHAR2(20 BYTE) DEFAULT 'Activo', 
	"TELEFONO" VARCHAR2(20 BYTE), 
	"EMAIL" VARCHAR2(100 BYTE), 
	"FECHA_CONTRATACION" DATE DEFAULT CURRENT_DATE, 
	"APELLIDO" VARCHAR2(100 BYTE)
   ) SEGMENT CREATION IMMEDIATE 
  PCTFREE 10 PCTUSED 40 INITRANS 1 MAXTRANS 255 
 NOCOMPRESS LOGGING
  STORAGE(INITIAL 65536 NEXT 1048576 MINEXTENTS 1 MAXEXTENTS 2147483645
  PCTINCREASE 0 FREELISTS 1 FREELIST GROUPS 1
  BUFFER_POOL DEFAULT FLASH_CACHE DEFAULT CELL_FLASH_CACHE DEFAULT)
  TABLESPACE "USERS" ;
--------------------------------------------------------
--  DDL for Table INSUMOS
--------------------------------------------------------

  CREATE TABLE "GUSTAVO_ALVA"."INSUMOS" 
   (	"INSUMO_ID" NUMBER GENERATED ALWAYS AS IDENTITY MINVALUE 1 MAXVALUE 9999999999999999999999999999 INCREMENT BY 1 START WITH 1 CACHE 20 NOORDER  NOCYCLE  NOKEEP  NOSCALE , 
	"NOMBRE_INSUMO" VARCHAR2(100 BYTE), 
	"UNIDAD_MEDIDA" VARCHAR2(20 BYTE), 
	"STOCK_MINIMO_ALERTA" NUMBER(10,2) DEFAULT 0, 
	"PROVEEDOR_ID" NUMBER, 
	"COSTO" NUMBER(10,2), 
	"STOCK" NUMBER
   ) SEGMENT CREATION IMMEDIATE 
  PCTFREE 10 PCTUSED 40 INITRANS 1 MAXTRANS 255 
 NOCOMPRESS LOGGING
  STORAGE(INITIAL 65536 NEXT 1048576 MINEXTENTS 1 MAXEXTENTS 2147483645
  PCTINCREASE 0 FREELISTS 1 FREELIST GROUPS 1
  BUFFER_POOL DEFAULT FLASH_CACHE DEFAULT CELL_FLASH_CACHE DEFAULT)
  TABLESPACE "USERS" ;
--------------------------------------------------------
--  DDL for Table MERMAS
--------------------------------------------------------

  CREATE TABLE "GUSTAVO_ALVA"."MERMAS" 
   (	"MERMA_ID" NUMBER GENERATED ALWAYS AS IDENTITY MINVALUE 1 MAXVALUE 9999999999999999999999999999 INCREMENT BY 1 START WITH 1 CACHE 20 NOORDER  NOCYCLE  NOKEEP  NOSCALE , 
	"INSUMO_ID" NUMBER, 
	"EMPLEADO_ID" NUMBER, 
	"CANTIDAD" NUMBER(10,2), 
	"MOTIVO" CLOB, 
	"FECHA_REGISTRO" TIMESTAMP (6) DEFAULT CURRENT_TIMESTAMP
   ) SEGMENT CREATION IMMEDIATE 
  PCTFREE 10 PCTUSED 40 INITRANS 1 MAXTRANS 255 
 NOCOMPRESS LOGGING
  STORAGE(INITIAL 65536 NEXT 1048576 MINEXTENTS 1 MAXEXTENTS 2147483645
  PCTINCREASE 0 FREELISTS 1 FREELIST GROUPS 1
  BUFFER_POOL DEFAULT FLASH_CACHE DEFAULT CELL_FLASH_CACHE DEFAULT)
  TABLESPACE "USERS" 
 LOB ("MOTIVO") STORE AS SECUREFILE (
  TABLESPACE "USERS" ENABLE STORAGE IN ROW 4000 CHUNK 8192
  NOCACHE LOGGING  NOCOMPRESS  KEEP_DUPLICATES 
  STORAGE(INITIAL 262144 NEXT 1048576 MINEXTENTS 1 MAXEXTENTS 2147483645
  PCTINCREASE 0
  BUFFER_POOL DEFAULT FLASH_CACHE DEFAULT CELL_FLASH_CACHE DEFAULT)) ;
--------------------------------------------------------
--  DDL for Table MESAS
--------------------------------------------------------

  CREATE TABLE "GUSTAVO_ALVA"."MESAS" 
   (	"MESA_ID" NUMBER GENERATED ALWAYS AS IDENTITY MINVALUE 1 MAXVALUE 9999999999999999999999999999 INCREMENT BY 1 START WITH 1 CACHE 20 NOORDER  NOCYCLE  NOKEEP  NOSCALE , 
	"NUMERO_MESA" NUMBER, 
	"CAPACIDAD" NUMBER, 
	"ESTADO_MESA" VARCHAR2(20 BYTE) DEFAULT 'Libre'
   ) SEGMENT CREATION IMMEDIATE 
  PCTFREE 10 PCTUSED 40 INITRANS 1 MAXTRANS 255 
 NOCOMPRESS LOGGING
  STORAGE(INITIAL 65536 NEXT 1048576 MINEXTENTS 1 MAXEXTENTS 2147483645
  PCTINCREASE 0 FREELISTS 1 FREELIST GROUPS 1
  BUFFER_POOL DEFAULT FLASH_CACHE DEFAULT CELL_FLASH_CACHE DEFAULT)
  TABLESPACE "USERS" ;
--------------------------------------------------------
--  DDL for Table METODOS_PAGO
--------------------------------------------------------

  CREATE TABLE "GUSTAVO_ALVA"."METODOS_PAGO" 
   (	"ID_METODO_PAGO" NUMBER, 
	"NOMBRE" VARCHAR2(50 BYTE)
   ) SEGMENT CREATION IMMEDIATE 
  PCTFREE 10 PCTUSED 40 INITRANS 1 MAXTRANS 255 
 NOCOMPRESS LOGGING
  STORAGE(INITIAL 65536 NEXT 1048576 MINEXTENTS 1 MAXEXTENTS 2147483645
  PCTINCREASE 0 FREELISTS 1 FREELIST GROUPS 1
  BUFFER_POOL DEFAULT FLASH_CACHE DEFAULT CELL_FLASH_CACHE DEFAULT)
  TABLESPACE "USERS" ;
--------------------------------------------------------
--  DDL for Table PLATOS_MENU
--------------------------------------------------------

  CREATE TABLE "GUSTAVO_ALVA"."PLATOS_MENU" 
   (	"PLATO_ID" NUMBER GENERATED ALWAYS AS IDENTITY MINVALUE 1 MAXVALUE 9999999999999999999999999999 INCREMENT BY 1 START WITH 1 CACHE 20 NOORDER  NOCYCLE  NOKEEP  NOSCALE , 
	"CATEGORIA_ID" NUMBER, 
	"NOMBRE_PLATO" VARCHAR2(100 BYTE), 
	"PRECIO_VENTA" NUMBER(10,2), 
	"DISPONIBLE" NUMBER(1,0) DEFAULT 1
   ) SEGMENT CREATION IMMEDIATE 
  PCTFREE 10 PCTUSED 40 INITRANS 1 MAXTRANS 255 
 NOCOMPRESS LOGGING
  STORAGE(INITIAL 65536 NEXT 1048576 MINEXTENTS 1 MAXEXTENTS 2147483645
  PCTINCREASE 0 FREELISTS 1 FREELIST GROUPS 1
  BUFFER_POOL DEFAULT FLASH_CACHE DEFAULT CELL_FLASH_CACHE DEFAULT)
  TABLESPACE "USERS" ;
--------------------------------------------------------
--  DDL for Table PROVEEDORES
--------------------------------------------------------

  CREATE TABLE "GUSTAVO_ALVA"."PROVEEDORES" 
   (	"PROVEEDOR_ID" NUMBER GENERATED ALWAYS AS IDENTITY MINVALUE 1 MAXVALUE 9999999999999999999999999999 INCREMENT BY 1 START WITH 1 CACHE 20 NOORDER  NOCYCLE  NOKEEP  NOSCALE , 
	"RUC" CHAR(11 BYTE), 
	"NOMBRE_EMPRESA" VARCHAR2(150 BYTE), 
	"CONTACTO_NOMBRE" VARCHAR2(100 BYTE), 
	"TELEFONO" VARCHAR2(20 BYTE), 
	"EMAIL" VARCHAR2(100 BYTE), 
	"DIRECCION" VARCHAR2(200 BYTE)
   ) SEGMENT CREATION IMMEDIATE 
  PCTFREE 10 PCTUSED 40 INITRANS 1 MAXTRANS 255 
 NOCOMPRESS LOGGING
  STORAGE(INITIAL 65536 NEXT 1048576 MINEXTENTS 1 MAXEXTENTS 2147483645
  PCTINCREASE 0 FREELISTS 1 FREELIST GROUPS 1
  BUFFER_POOL DEFAULT FLASH_CACHE DEFAULT CELL_FLASH_CACHE DEFAULT)
  TABLESPACE "USERS" ;
--------------------------------------------------------
--  DDL for Table RECETAS_ESCANDALLO
--------------------------------------------------------

  CREATE TABLE "GUSTAVO_ALVA"."RECETAS_ESCANDALLO" 
   (	"RECETA_ID" NUMBER GENERATED ALWAYS AS IDENTITY MINVALUE 1 MAXVALUE 9999999999999999999999999999 INCREMENT BY 1 START WITH 1 CACHE 20 NOORDER  NOCYCLE  NOKEEP  NOSCALE , 
	"PLATO_ID" NUMBER, 
	"INSUMO_ID" NUMBER, 
	"CANTIDAD_REQUERIDA" NUMBER(10,2)
   ) SEGMENT CREATION DEFERRED 
  PCTFREE 10 PCTUSED 40 INITRANS 1 MAXTRANS 255 
 NOCOMPRESS LOGGING
  TABLESPACE "USERS" ;
--------------------------------------------------------
--  DDL for Table ROLES
--------------------------------------------------------

  CREATE TABLE "GUSTAVO_ALVA"."ROLES" 
   (	"ROL_ID" NUMBER GENERATED ALWAYS AS IDENTITY MINVALUE 1 MAXVALUE 9999999999999999999999999999 INCREMENT BY 1 START WITH 1 CACHE 20 NOORDER  NOCYCLE  NOKEEP  NOSCALE , 
	"NOMBRE_ROL" VARCHAR2(50 BYTE), 
	"DESCRIPCION" VARCHAR2(100 BYTE)
   ) SEGMENT CREATION IMMEDIATE 
  PCTFREE 10 PCTUSED 40 INITRANS 1 MAXTRANS 255 
 NOCOMPRESS LOGGING
  STORAGE(INITIAL 65536 NEXT 1048576 MINEXTENTS 1 MAXEXTENTS 2147483645
  PCTINCREASE 0 FREELISTS 1 FREELIST GROUPS 1
  BUFFER_POOL DEFAULT FLASH_CACHE DEFAULT CELL_FLASH_CACHE DEFAULT)
  TABLESPACE "USERS" ;
--------------------------------------------------------
--  DDL for Table USUARIOS
--------------------------------------------------------

  CREATE TABLE "GUSTAVO_ALVA"."USUARIOS" 
   (	"USUARIO_ID" NUMBER DEFAULT "GUSTAVO_ALVA"."SEQ_USUARIOS"."NEXTVAL", 
	"USERNAME" VARCHAR2(50 BYTE), 
	"PASSWORD_HASH" VARCHAR2(255 BYTE), 
	"ESTADO" VARCHAR2(20 BYTE) DEFAULT 'ACTIVO', 
	"EMPLEADO_ID" NUMBER, 
	"ROL_ID" NUMBER
   ) SEGMENT CREATION IMMEDIATE 
  PCTFREE 10 PCTUSED 40 INITRANS 1 MAXTRANS 255 
 NOCOMPRESS LOGGING
  STORAGE(INITIAL 65536 NEXT 1048576 MINEXTENTS 1 MAXEXTENTS 2147483645
  PCTINCREASE 0 FREELISTS 1 FREELIST GROUPS 1
  BUFFER_POOL DEFAULT FLASH_CACHE DEFAULT CELL_FLASH_CACHE DEFAULT)
  TABLESPACE "USERS" ;
--------------------------------------------------------
--  DDL for Table VENTAS_CABECERA
--------------------------------------------------------

  CREATE TABLE "GUSTAVO_ALVA"."VENTAS_CABECERA" 
   (	"VENTA_ID" NUMBER GENERATED ALWAYS AS IDENTITY MINVALUE 1 MAXVALUE 9999999999999999999999999999 INCREMENT BY 1 START WITH 1 CACHE 20 NOORDER  NOCYCLE  NOKEEP  NOSCALE , 
	"MESA_ID" NUMBER, 
	"EMPLEADO_ID" NUMBER, 
	"CLIENTE_ID" NUMBER, 
	"FECHA_HORA" DATE DEFAULT CURRENT_TIMESTAMP, 
	"SUBTOTAL" NUMBER(10,2), 
	"IGV" NUMBER(10,2), 
	"TOTAL" NUMBER(10,2), 
	"ESTADO_PAGO" VARCHAR2(20 BYTE) DEFAULT 'Pendiente', 
	"DESCUENTO" NUMBER(10,2) DEFAULT 0, 
	"CAJA_ID" NUMBER
   ) SEGMENT CREATION IMMEDIATE 
  PCTFREE 10 PCTUSED 40 INITRANS 1 MAXTRANS 255 
 NOCOMPRESS LOGGING
  STORAGE(INITIAL 65536 NEXT 1048576 MINEXTENTS 1 MAXEXTENTS 2147483645
  PCTINCREASE 0 FREELISTS 1 FREELIST GROUPS 1
  BUFFER_POOL DEFAULT FLASH_CACHE DEFAULT CELL_FLASH_CACHE DEFAULT)
  TABLESPACE "USERS" ;
--------------------------------------------------------
--  DDL for Table VENTAS_DETALLE
--------------------------------------------------------

  CREATE TABLE "GUSTAVO_ALVA"."VENTAS_DETALLE" 
   (	"DETALLE_ID" NUMBER GENERATED ALWAYS AS IDENTITY MINVALUE 1 MAXVALUE 9999999999999999999999999999 INCREMENT BY 1 START WITH 1 CACHE 20 NOORDER  NOCYCLE  NOKEEP  NOSCALE , 
	"VENTA_ID" NUMBER, 
	"PLATO_ID" NUMBER, 
	"CANTIDAD" NUMBER, 
	"PRECIO_UNITARIO_VENTA" NUMBER(10,2), 
	"COMENTARIO_COCINA" CLOB, 
	"SUBTOTAL" NUMBER(10,2)
   ) SEGMENT CREATION IMMEDIATE 
  PCTFREE 10 PCTUSED 40 INITRANS 1 MAXTRANS 255 
 NOCOMPRESS LOGGING
  STORAGE(INITIAL 65536 NEXT 1048576 MINEXTENTS 1 MAXEXTENTS 2147483645
  PCTINCREASE 0 FREELISTS 1 FREELIST GROUPS 1
  BUFFER_POOL DEFAULT FLASH_CACHE DEFAULT CELL_FLASH_CACHE DEFAULT)
  TABLESPACE "USERS" 
 LOB ("COMENTARIO_COCINA") STORE AS SECUREFILE (
  TABLESPACE "USERS" ENABLE STORAGE IN ROW 4000 CHUNK 8192
  NOCACHE LOGGING  NOCOMPRESS  KEEP_DUPLICATES 
  STORAGE(INITIAL 262144 NEXT 1048576 MINEXTENTS 1 MAXEXTENTS 2147483645
  PCTINCREASE 0
  BUFFER_POOL DEFAULT FLASH_CACHE DEFAULT CELL_FLASH_CACHE DEFAULT)) ;
REM INSERTING into GUSTAVO_ALVA.ASISTENCIA_TURNOS
SET DEFINE OFF;
REM INSERTING into GUSTAVO_ALVA.CAJA_DIARIA
SET DEFINE OFF;
Insert into GUSTAVO_ALVA.CAJA_DIARIA (CAJA_ID,EMPLEADO_ID,FECHA_APERTURA,MONTO_INICIAL,MONTO_FINAL_ARQUEO,ESTADO_CAJA,FECHA_CIERRE,DIFERENCIA) values (1,1,to_timestamp('02/05/26 23:47:06.000000000','DD/MM/RR HH24:MI:SSXFF'),1000,null,'CERRADO',null,null);
Insert into GUSTAVO_ALVA.CAJA_DIARIA (CAJA_ID,EMPLEADO_ID,FECHA_APERTURA,MONTO_INICIAL,MONTO_FINAL_ARQUEO,ESTADO_CAJA,FECHA_CIERRE,DIFERENCIA) values (2,24,to_timestamp('03/05/26 00:14:47.000000000','DD/MM/RR HH24:MI:SSXFF'),1000,null,'ABIERTA',null,null);
Insert into GUSTAVO_ALVA.CAJA_DIARIA (CAJA_ID,EMPLEADO_ID,FECHA_APERTURA,MONTO_INICIAL,MONTO_FINAL_ARQUEO,ESTADO_CAJA,FECHA_CIERRE,DIFERENCIA) values (3,24,to_timestamp('03/05/26 00:16:48.000000000','DD/MM/RR HH24:MI:SSXFF'),1000,null,'ABIERTA',null,null);
Insert into GUSTAVO_ALVA.CAJA_DIARIA (CAJA_ID,EMPLEADO_ID,FECHA_APERTURA,MONTO_INICIAL,MONTO_FINAL_ARQUEO,ESTADO_CAJA,FECHA_CIERRE,DIFERENCIA) values (4,24,to_timestamp('03/05/26 00:17:21.000000000','DD/MM/RR HH24:MI:SSXFF'),1000,null,'ABIERTA',null,null);
Insert into GUSTAVO_ALVA.CAJA_DIARIA (CAJA_ID,EMPLEADO_ID,FECHA_APERTURA,MONTO_INICIAL,MONTO_FINAL_ARQUEO,ESTADO_CAJA,FECHA_CIERRE,DIFERENCIA) values (5,24,to_timestamp('03/05/26 00:18:21.000000000','DD/MM/RR HH24:MI:SSXFF'),1000,null,'ABIERTA',null,null);
Insert into GUSTAVO_ALVA.CAJA_DIARIA (CAJA_ID,EMPLEADO_ID,FECHA_APERTURA,MONTO_INICIAL,MONTO_FINAL_ARQUEO,ESTADO_CAJA,FECHA_CIERRE,DIFERENCIA) values (6,24,to_timestamp('03/05/26 00:20:55.000000000','DD/MM/RR HH24:MI:SSXFF'),1000,null,'ABIERTA',null,null);
Insert into GUSTAVO_ALVA.CAJA_DIARIA (CAJA_ID,EMPLEADO_ID,FECHA_APERTURA,MONTO_INICIAL,MONTO_FINAL_ARQUEO,ESTADO_CAJA,FECHA_CIERRE,DIFERENCIA) values (7,1,to_timestamp('03/05/26 00:20:55.000000000','DD/MM/RR HH24:MI:SSXFF'),1000,null,'ABIERTA',null,null);
REM INSERTING into GUSTAVO_ALVA.CATEGORIAS_MENU
SET DEFINE OFF;
Insert into GUSTAVO_ALVA.CATEGORIAS_MENU (CATEGORIA_ID,NOMBRE_CATEGORIA) values (1,'Platos Principales');
Insert into GUSTAVO_ALVA.CATEGORIAS_MENU (CATEGORIA_ID,NOMBRE_CATEGORIA) values (2,'Bebidas');
REM INSERTING into GUSTAVO_ALVA.CLIENTES
SET DEFINE OFF;
Insert into GUSTAVO_ALVA.CLIENTES (CLIENTE_ID,TIPO_CLIENTE,NOMBRE,DNI,TELEFONO,EMAIL,DIRECCION,PUNTOS_FIDELIDAD,FECHA_REGISTRO,APELLIDO) values (1,'Regular','Juan','12345678','987654321','juan@gmail.com','Av. Perú 123',10,to_date('30/04/26','DD/MM/RR'),'Pérez');
Insert into GUSTAVO_ALVA.CLIENTES (CLIENTE_ID,TIPO_CLIENTE,NOMBRE,DNI,TELEFONO,EMAIL,DIRECCION,PUNTOS_FIDELIDAD,FECHA_REGISTRO,APELLIDO) values (2,'Premium','María','23456789','987654322','maria@gmail.com','Jr. Unión 456',50,to_date('30/04/26','DD/MM/RR'),'Gómez');
Insert into GUSTAVO_ALVA.CLIENTES (CLIENTE_ID,TIPO_CLIENTE,NOMBRE,DNI,TELEFONO,EMAIL,DIRECCION,PUNTOS_FIDELIDAD,FECHA_REGISTRO,APELLIDO) values (3,'VIP','Luis','34567890','987654323','luis@gmail.com','Av. Larco 789',120,to_date('30/04/26','DD/MM/RR'),'Ramírez');
Insert into GUSTAVO_ALVA.CLIENTES (CLIENTE_ID,TIPO_CLIENTE,NOMBRE,DNI,TELEFONO,EMAIL,DIRECCION,PUNTOS_FIDELIDAD,FECHA_REGISTRO,APELLIDO) values (4,'Regular','Ana','45678901','987654324','ana@gmail.com','Calle Real 321',5,to_date('30/04/26','DD/MM/RR'),'Torres');
Insert into GUSTAVO_ALVA.CLIENTES (CLIENTE_ID,TIPO_CLIENTE,NOMBRE,DNI,TELEFONO,EMAIL,DIRECCION,PUNTOS_FIDELIDAD,FECHA_REGISTRO,APELLIDO) values (5,'Premium','Carlos','56789012','987654325','carlos@gmail.com','Av. España 654',80,to_date('30/04/26','DD/MM/RR'),'Fernández');
REM INSERTING into GUSTAVO_ALVA.COMPROBANTES_PAGO
SET DEFINE OFF;
Insert into GUSTAVO_ALVA.COMPROBANTES_PAGO (COMPROBANTE_ID,VENTA_ID,TIPO_COMPROBANTE,SERIE_NUMERO,FECHA_EMISION,ESTADO,ID_METODO) values (22,18,'FACTURA','xddxxddx',to_timestamp('02/05/26 22:09:01.116000000','DD/MM/RR HH24:MI:SSXFF'),'PAGADO',1);
Insert into GUSTAVO_ALVA.COMPROBANTES_PAGO (COMPROBANTE_ID,VENTA_ID,TIPO_COMPROBANTE,SERIE_NUMERO,FECHA_EMISION,ESTADO,ID_METODO) values (23,18,'BOLETA','eoo',to_timestamp('02/05/26 22:09:01.116000000','DD/MM/RR HH24:MI:SSXFF'),'PAGADO',2);
Insert into GUSTAVO_ALVA.COMPROBANTES_PAGO (COMPROBANTE_ID,VENTA_ID,TIPO_COMPROBANTE,SERIE_NUMERO,FECHA_EMISION,ESTADO,ID_METODO) values (26,13,'FACTURA','xddxxddx1',to_timestamp('02/05/26 22:16:05.749000000','DD/MM/RR HH24:MI:SSXFF'),'PAGADO',1);
Insert into GUSTAVO_ALVA.COMPROBANTES_PAGO (COMPROBANTE_ID,VENTA_ID,TIPO_COMPROBANTE,SERIE_NUMERO,FECHA_EMISION,ESTADO,ID_METODO) values (27,13,'BOLETA','eoo2',to_timestamp('02/05/26 22:16:05.749000000','DD/MM/RR HH24:MI:SSXFF'),'PAGADO',2);
Insert into GUSTAVO_ALVA.COMPROBANTES_PAGO (COMPROBANTE_ID,VENTA_ID,TIPO_COMPROBANTE,SERIE_NUMERO,FECHA_EMISION,ESTADO,ID_METODO) values (15,37,'FACTURA','2',to_timestamp('02/05/26 01:54:25.000000000','DD/MM/RR HH24:MI:SSXFF'),'PAGADO',1);
Insert into GUSTAVO_ALVA.COMPROBANTES_PAGO (COMPROBANTE_ID,VENTA_ID,TIPO_COMPROBANTE,SERIE_NUMERO,FECHA_EMISION,ESTADO,ID_METODO) values (16,37,'BOLETA','1',to_timestamp('02/05/26 01:54:25.000000000','DD/MM/RR HH24:MI:SSXFF'),'PAGADO',2);
Insert into GUSTAVO_ALVA.COMPROBANTES_PAGO (COMPROBANTE_ID,VENTA_ID,TIPO_COMPROBANTE,SERIE_NUMERO,FECHA_EMISION,ESTADO,ID_METODO) values (18,42,'FACTURA','221',to_timestamp('02/05/26 20:44:05.000000000','DD/MM/RR HH24:MI:SSXFF'),'PAGADO',1);
Insert into GUSTAVO_ALVA.COMPROBANTES_PAGO (COMPROBANTE_ID,VENTA_ID,TIPO_COMPROBANTE,SERIE_NUMERO,FECHA_EMISION,ESTADO,ID_METODO) values (19,42,'BOLETA','1423',to_timestamp('02/05/26 20:44:05.000000000','DD/MM/RR HH24:MI:SSXFF'),'PAGADO',2);
REM INSERTING into GUSTAVO_ALVA.EMPLEADOS
SET DEFINE OFF;
Insert into GUSTAVO_ALVA.EMPLEADOS (EMPLEADO_ID,ROL_ID,NOMBRE,DNI,ESTADO,TELEFONO,EMAIL,FECHA_CONTRATACION,APELLIDO) values (23,1,'juanete','12345789','ACTIVO','987654321','juan@gmail.com',to_date('01/05/26','DD/MM/RR'),'Pérez');
Insert into GUSTAVO_ALVA.EMPLEADOS (EMPLEADO_ID,ROL_ID,NOMBRE,DNI,ESTADO,TELEFONO,EMAIL,FECHA_CONTRATACION,APELLIDO) values (24,2,'María','23456899','ACTIVO','987654322','maria@gmail.com',to_date('01/05/26','DD/MM/RR'),'Gómez');
Insert into GUSTAVO_ALVA.EMPLEADOS (EMPLEADO_ID,ROL_ID,NOMBRE,DNI,ESTADO,TELEFONO,EMAIL,FECHA_CONTRATACION,APELLIDO) values (25,3,'Luis','45967890','INACTIVO','987654323','luis@gmail.com',to_date('01/05/26','DD/MM/RR'),'Ramírez');
Insert into GUSTAVO_ALVA.EMPLEADOS (EMPLEADO_ID,ROL_ID,NOMBRE,DNI,ESTADO,TELEFONO,EMAIL,FECHA_CONTRATACION,APELLIDO) values (1,1,'Juan Pérez','12345678','ACTIVO',null,null,to_date('26/04/26','DD/MM/RR'),null);
Insert into GUSTAVO_ALVA.EMPLEADOS (EMPLEADO_ID,ROL_ID,NOMBRE,DNI,ESTADO,TELEFONO,EMAIL,FECHA_CONTRATACION,APELLIDO) values (2,2,'María López','87654321','ACTIVO',null,null,to_date('26/04/26','DD/MM/RR'),null);
Insert into GUSTAVO_ALVA.EMPLEADOS (EMPLEADO_ID,ROL_ID,NOMBRE,DNI,ESTADO,TELEFONO,EMAIL,FECHA_CONTRATACION,APELLIDO) values (3,3,'Carlos Ruiz','11223344','ACTIVO',null,null,to_date('26/04/26','DD/MM/RR'),null);
Insert into GUSTAVO_ALVA.EMPLEADOS (EMPLEADO_ID,ROL_ID,NOMBRE,DNI,ESTADO,TELEFONO,EMAIL,FECHA_CONTRATACION,APELLIDO) values (4,4,'Ana Torres','55667788','ACTIVO',null,null,to_date('26/04/26','DD/MM/RR'),null);
REM INSERTING into GUSTAVO_ALVA.INSUMOS
SET DEFINE OFF;
Insert into GUSTAVO_ALVA.INSUMOS (INSUMO_ID,NOMBRE_INSUMO,UNIDAD_MEDIDA,STOCK_MINIMO_ALERTA,PROVEEDOR_ID,COSTO,STOCK) values (22,'Carne','kg',10,1,3.5,50);
Insert into GUSTAVO_ALVA.INSUMOS (INSUMO_ID,NOMBRE_INSUMO,UNIDAD_MEDIDA,STOCK_MINIMO_ALERTA,PROVEEDOR_ID,COSTO,STOCK) values (23,'Cerdo','kg',10,1,3.5,50);
Insert into GUSTAVO_ALVA.INSUMOS (INSUMO_ID,NOMBRE_INSUMO,UNIDAD_MEDIDA,STOCK_MINIMO_ALERTA,PROVEEDOR_ID,COSTO,STOCK) values (1,'Arroz','kg',10,2,null,3);
Insert into GUSTAVO_ALVA.INSUMOS (INSUMO_ID,NOMBRE_INSUMO,UNIDAD_MEDIDA,STOCK_MINIMO_ALERTA,PROVEEDOR_ID,COSTO,STOCK) values (2,'Pollo','kg',5,2,null,3);
Insert into GUSTAVO_ALVA.INSUMOS (INSUMO_ID,NOMBRE_INSUMO,UNIDAD_MEDIDA,STOCK_MINIMO_ALERTA,PROVEEDOR_ID,COSTO,STOCK) values (3,'Aceite','lt',3,1,null,3);
REM INSERTING into GUSTAVO_ALVA.MERMAS
SET DEFINE OFF;
Insert into GUSTAVO_ALVA.MERMAS (MERMA_ID,INSUMO_ID,EMPLEADO_ID,CANTIDAD,FECHA_REGISTRO) values (1,3,24,30,to_timestamp('07/05/26 11:15:34.000000000','DD/MM/RR HH24:MI:SSXFF'));
Insert into GUSTAVO_ALVA.MERMAS (MERMA_ID,INSUMO_ID,EMPLEADO_ID,CANTIDAD,FECHA_REGISTRO) values (2,3,24,30,to_timestamp('07/05/26 11:16:58.000000000','DD/MM/RR HH24:MI:SSXFF'));
Insert into GUSTAVO_ALVA.MERMAS (MERMA_ID,INSUMO_ID,EMPLEADO_ID,CANTIDAD,FECHA_REGISTRO) values (3,3,24,30,to_timestamp('07/05/26 11:19:59.000000000','DD/MM/RR HH24:MI:SSXFF'));
REM INSERTING into GUSTAVO_ALVA.MESAS
SET DEFINE OFF;
Insert into GUSTAVO_ALVA.MESAS (MESA_ID,NUMERO_MESA,CAPACIDAD,ESTADO_MESA) values (1,2,4,'1');
REM INSERTING into GUSTAVO_ALVA.METODOS_PAGO
SET DEFINE OFF;
Insert into GUSTAVO_ALVA.METODOS_PAGO (ID_METODO_PAGO,NOMBRE) values (2,'BCP');
Insert into GUSTAVO_ALVA.METODOS_PAGO (ID_METODO_PAGO,NOMBRE) values (1,'YAPE');
REM INSERTING into GUSTAVO_ALVA.PLATOS_MENU
SET DEFINE OFF;
Insert into GUSTAVO_ALVA.PLATOS_MENU (PLATO_ID,CATEGORIA_ID,NOMBRE_PLATO,PRECIO_VENTA,DISPONIBLE) values (21,1,'Arroz con Pollo',13.5,4);
Insert into GUSTAVO_ALVA.PLATOS_MENU (PLATO_ID,CATEGORIA_ID,NOMBRE_PLATO,PRECIO_VENTA,DISPONIBLE) values (1,1,'Arroz con chancho',18.5,1);
Insert into GUSTAVO_ALVA.PLATOS_MENU (PLATO_ID,CATEGORIA_ID,NOMBRE_PLATO,PRECIO_VENTA,DISPONIBLE) values (2,2,'Chicha Morada',10101,1);
REM INSERTING into GUSTAVO_ALVA.PROVEEDORES
SET DEFINE OFF;
Insert into GUSTAVO_ALVA.PROVEEDORES (PROVEEDOR_ID,RUC,NOMBRE_EMPRESA,CONTACTO_NOMBRE,TELEFONO,EMAIL,DIRECCION) values (1,'20123456789','Distribuidora Norte SAC','Luis Gómez','987654321',null,null);
Insert into GUSTAVO_ALVA.PROVEEDORES (PROVEEDOR_ID,RUC,NOMBRE_EMPRESA,CONTACTO_NOMBRE,TELEFONO,EMAIL,DIRECCION) values (2,'20987654321','Alimentos Perú SAC','Rosa Díaz','912345678',null,null);
REM INSERTING into GUSTAVO_ALVA.RECETAS_ESCANDALLO
SET DEFINE OFF;
REM INSERTING into GUSTAVO_ALVA.ROLES
SET DEFINE OFF;
Insert into GUSTAVO_ALVA.ROLES (ROL_ID,NOMBRE_ROL,DESCRIPCION) values (1,'ADMINISTRADOR',null);
Insert into GUSTAVO_ALVA.ROLES (ROL_ID,NOMBRE_ROL,DESCRIPCION) values (2,'Mozo',null);
Insert into GUSTAVO_ALVA.ROLES (ROL_ID,NOMBRE_ROL,DESCRIPCION) values (3,'Chef',null);
Insert into GUSTAVO_ALVA.ROLES (ROL_ID,NOMBRE_ROL,DESCRIPCION) values (4,'Cajero',null);
REM INSERTING into GUSTAVO_ALVA.USUARIOS
SET DEFINE OFF;
Insert into GUSTAVO_ALVA.USUARIOS (USUARIO_ID,USERNAME,PASSWORD_HASH,ESTADO,EMPLEADO_ID,ROL_ID) values (1,'gustavo123','123456','ACTIVO',25,1);
REM INSERTING into GUSTAVO_ALVA.VENTAS_CABECERA
SET DEFINE OFF;
Insert into GUSTAVO_ALVA.VENTAS_CABECERA (VENTA_ID,MESA_ID,EMPLEADO_ID,CLIENTE_ID,FECHA_HORA,SUBTOTAL,IGV,TOTAL,ESTADO_PAGO,DESCUENTO,CAJA_ID) values (14,1,24,1,to_date('02/05/26','DD/MM/RR'),7,9,12,'PAGADO',6,1);
Insert into GUSTAVO_ALVA.VENTAS_CABECERA (VENTA_ID,MESA_ID,EMPLEADO_ID,CLIENTE_ID,FECHA_HORA,SUBTOTAL,IGV,TOTAL,ESTADO_PAGO,DESCUENTO,CAJA_ID) values (15,1,24,1,to_date('02/05/26','DD/MM/RR'),7,9,12,'PAGADO',6,1);
Insert into GUSTAVO_ALVA.VENTAS_CABECERA (VENTA_ID,MESA_ID,EMPLEADO_ID,CLIENTE_ID,FECHA_HORA,SUBTOTAL,IGV,TOTAL,ESTADO_PAGO,DESCUENTO,CAJA_ID) values (16,1,24,1,to_date('02/05/26','DD/MM/RR'),7,9,12,'PAGADO',6,null);
Insert into GUSTAVO_ALVA.VENTAS_CABECERA (VENTA_ID,MESA_ID,EMPLEADO_ID,CLIENTE_ID,FECHA_HORA,SUBTOTAL,IGV,TOTAL,ESTADO_PAGO,DESCUENTO,CAJA_ID) values (17,1,24,1,to_date('02/05/26','DD/MM/RR'),7,9,12,'PAGADO',6,null);
Insert into GUSTAVO_ALVA.VENTAS_CABECERA (VENTA_ID,MESA_ID,EMPLEADO_ID,CLIENTE_ID,FECHA_HORA,SUBTOTAL,IGV,TOTAL,ESTADO_PAGO,DESCUENTO,CAJA_ID) values (18,1,24,1,to_date('02/05/26','DD/MM/RR'),7,9,12,'PAGADO',6,null);
Insert into GUSTAVO_ALVA.VENTAS_CABECERA (VENTA_ID,MESA_ID,EMPLEADO_ID,CLIENTE_ID,FECHA_HORA,SUBTOTAL,IGV,TOTAL,ESTADO_PAGO,DESCUENTO,CAJA_ID) values (37,1,24,1,to_date('02/05/26','DD/MM/RR'),7,9,12,'PAGADO',6,null);
Insert into GUSTAVO_ALVA.VENTAS_CABECERA (VENTA_ID,MESA_ID,EMPLEADO_ID,CLIENTE_ID,FECHA_HORA,SUBTOTAL,IGV,TOTAL,ESTADO_PAGO,DESCUENTO,CAJA_ID) values (8,1,24,2,to_date('01/05/26','DD/MM/RR'),20220.5,3639.69,20220.5,'PENDIENTE',2,null);
Insert into GUSTAVO_ALVA.VENTAS_CABECERA (VENTA_ID,MESA_ID,EMPLEADO_ID,CLIENTE_ID,FECHA_HORA,SUBTOTAL,IGV,TOTAL,ESTADO_PAGO,DESCUENTO,CAJA_ID) values (9,1,24,2,to_date('01/05/26','DD/MM/RR'),20220.5,3639.69,20220.5,'PENDIENTE',2,null);
Insert into GUSTAVO_ALVA.VENTAS_CABECERA (VENTA_ID,MESA_ID,EMPLEADO_ID,CLIENTE_ID,FECHA_HORA,SUBTOTAL,IGV,TOTAL,ESTADO_PAGO,DESCUENTO,CAJA_ID) values (12,1,24,2,to_date('01/05/26','DD/MM/RR'),20220.5,3639.69,20220.5,'PENDIENTE',2,null);
Insert into GUSTAVO_ALVA.VENTAS_CABECERA (VENTA_ID,MESA_ID,EMPLEADO_ID,CLIENTE_ID,FECHA_HORA,SUBTOTAL,IGV,TOTAL,ESTADO_PAGO,DESCUENTO,CAJA_ID) values (13,1,24,2,to_date('01/05/26','DD/MM/RR'),20220.5,3639.69,20220.5,'PENDIENTE',2,null);
Insert into GUSTAVO_ALVA.VENTAS_CABECERA (VENTA_ID,MESA_ID,EMPLEADO_ID,CLIENTE_ID,FECHA_HORA,SUBTOTAL,IGV,TOTAL,ESTADO_PAGO,DESCUENTO,CAJA_ID) values (19,1,24,1,to_date('02/05/26','DD/MM/RR'),7,9,12,'PAGADO',6,null);
Insert into GUSTAVO_ALVA.VENTAS_CABECERA (VENTA_ID,MESA_ID,EMPLEADO_ID,CLIENTE_ID,FECHA_HORA,SUBTOTAL,IGV,TOTAL,ESTADO_PAGO,DESCUENTO,CAJA_ID) values (42,1,24,1,to_date('02/05/26','DD/MM/RR'),7,9,12,'PAGADO',6,null);
REM INSERTING into GUSTAVO_ALVA.VENTAS_DETALLE
SET DEFINE OFF;
Insert into GUSTAVO_ALVA.VENTAS_DETALLE (DETALLE_ID,VENTA_ID,PLATO_ID,CANTIDAD,PRECIO_UNITARIO_VENTA,SUBTOTAL) values (47,18,1,3,2,6);
Insert into GUSTAVO_ALVA.VENTAS_DETALLE (DETALLE_ID,VENTA_ID,PLATO_ID,CANTIDAD,PRECIO_UNITARIO_VENTA,SUBTOTAL) values (48,18,2,3,2,6);
Insert into GUSTAVO_ALVA.VENTAS_DETALLE (DETALLE_ID,VENTA_ID,PLATO_ID,CANTIDAD,PRECIO_UNITARIO_VENTA,SUBTOTAL) values (51,13,1,3,2,6);
Insert into GUSTAVO_ALVA.VENTAS_DETALLE (DETALLE_ID,VENTA_ID,PLATO_ID,CANTIDAD,PRECIO_UNITARIO_VENTA,SUBTOTAL) values (52,13,2,3,2,6);
Insert into GUSTAVO_ALVA.VENTAS_DETALLE (DETALLE_ID,VENTA_ID,PLATO_ID,CANTIDAD,PRECIO_UNITARIO_VENTA,SUBTOTAL) values (39,37,1,3,2,6);
Insert into GUSTAVO_ALVA.VENTAS_DETALLE (DETALLE_ID,VENTA_ID,PLATO_ID,CANTIDAD,PRECIO_UNITARIO_VENTA,SUBTOTAL) values (40,37,2,3,2,6);
Insert into GUSTAVO_ALVA.VENTAS_DETALLE (DETALLE_ID,VENTA_ID,PLATO_ID,CANTIDAD,PRECIO_UNITARIO_VENTA,SUBTOTAL) values (43,42,1,3,2,6);
Insert into GUSTAVO_ALVA.VENTAS_DETALLE (DETALLE_ID,VENTA_ID,PLATO_ID,CANTIDAD,PRECIO_UNITARIO_VENTA,SUBTOTAL) values (44,42,2,3,2,6);
--------------------------------------------------------
--  DDL for Index SYS_C008288
--------------------------------------------------------

  CREATE UNIQUE INDEX "GUSTAVO_ALVA"."SYS_C008288" ON "GUSTAVO_ALVA"."ROLES" ("ROL_ID") 
  PCTFREE 10 INITRANS 2 MAXTRANS 255 COMPUTE STATISTICS 
  STORAGE(INITIAL 65536 NEXT 1048576 MINEXTENTS 1 MAXEXTENTS 2147483645
  PCTINCREASE 0 FREELISTS 1 FREELIST GROUPS 1
  BUFFER_POOL DEFAULT FLASH_CACHE DEFAULT CELL_FLASH_CACHE DEFAULT)
  TABLESPACE "USERS" ;
--------------------------------------------------------
--  DDL for Index SYS_C008292
--------------------------------------------------------

  CREATE UNIQUE INDEX "GUSTAVO_ALVA"."SYS_C008292" ON "GUSTAVO_ALVA"."EMPLEADOS" ("EMPLEADO_ID") 
  PCTFREE 10 INITRANS 2 MAXTRANS 255 COMPUTE STATISTICS 
  STORAGE(INITIAL 65536 NEXT 1048576 MINEXTENTS 1 MAXEXTENTS 2147483645
  PCTINCREASE 0 FREELISTS 1 FREELIST GROUPS 1
  BUFFER_POOL DEFAULT FLASH_CACHE DEFAULT CELL_FLASH_CACHE DEFAULT)
  TABLESPACE "USERS" ;
--------------------------------------------------------
--  DDL for Index SYS_C008293
--------------------------------------------------------

  CREATE UNIQUE INDEX "GUSTAVO_ALVA"."SYS_C008293" ON "GUSTAVO_ALVA"."EMPLEADOS" ("DNI") 
  PCTFREE 10 INITRANS 2 MAXTRANS 255 COMPUTE STATISTICS 
  STORAGE(INITIAL 65536 NEXT 1048576 MINEXTENTS 1 MAXEXTENTS 2147483645
  PCTINCREASE 0 FREELISTS 1 FREELIST GROUPS 1
  BUFFER_POOL DEFAULT FLASH_CACHE DEFAULT CELL_FLASH_CACHE DEFAULT)
  TABLESPACE "USERS" ;
--------------------------------------------------------
--  DDL for Index SYS_C008296
--------------------------------------------------------

  CREATE UNIQUE INDEX "GUSTAVO_ALVA"."SYS_C008296" ON "GUSTAVO_ALVA"."ASISTENCIA_TURNOS" ("ASISTENCIA_ID") 
  PCTFREE 10 INITRANS 2 MAXTRANS 255 COMPUTE STATISTICS 
  TABLESPACE "USERS" ;
--------------------------------------------------------
--  DDL for Index SYS_C008301
--------------------------------------------------------

  CREATE UNIQUE INDEX "GUSTAVO_ALVA"."SYS_C008301" ON "GUSTAVO_ALVA"."PROVEEDORES" ("PROVEEDOR_ID") 
  PCTFREE 10 INITRANS 2 MAXTRANS 255 COMPUTE STATISTICS 
  STORAGE(INITIAL 65536 NEXT 1048576 MINEXTENTS 1 MAXEXTENTS 2147483645
  PCTINCREASE 0 FREELISTS 1 FREELIST GROUPS 1
  BUFFER_POOL DEFAULT FLASH_CACHE DEFAULT CELL_FLASH_CACHE DEFAULT)
  TABLESPACE "USERS" ;
--------------------------------------------------------
--  DDL for Index SYS_C008302
--------------------------------------------------------

  CREATE UNIQUE INDEX "GUSTAVO_ALVA"."SYS_C008302" ON "GUSTAVO_ALVA"."PROVEEDORES" ("RUC") 
  PCTFREE 10 INITRANS 2 MAXTRANS 255 COMPUTE STATISTICS 
  STORAGE(INITIAL 65536 NEXT 1048576 MINEXTENTS 1 MAXEXTENTS 2147483645
  PCTINCREASE 0 FREELISTS 1 FREELIST GROUPS 1
  BUFFER_POOL DEFAULT FLASH_CACHE DEFAULT CELL_FLASH_CACHE DEFAULT)
  TABLESPACE "USERS" ;
--------------------------------------------------------
--  DDL for Index SYS_C008306
--------------------------------------------------------

  CREATE UNIQUE INDEX "GUSTAVO_ALVA"."SYS_C008306" ON "GUSTAVO_ALVA"."INSUMOS" ("INSUMO_ID") 
  PCTFREE 10 INITRANS 2 MAXTRANS 255 COMPUTE STATISTICS 
  STORAGE(INITIAL 65536 NEXT 1048576 MINEXTENTS 1 MAXEXTENTS 2147483645
  PCTINCREASE 0 FREELISTS 1 FREELIST GROUPS 1
  BUFFER_POOL DEFAULT FLASH_CACHE DEFAULT CELL_FLASH_CACHE DEFAULT)
  TABLESPACE "USERS" ;
--------------------------------------------------------
--  DDL for Index SYS_C008313
--------------------------------------------------------

  CREATE UNIQUE INDEX "GUSTAVO_ALVA"."SYS_C008313" ON "GUSTAVO_ALVA"."MERMAS" ("MERMA_ID") 
  PCTFREE 10 INITRANS 2 MAXTRANS 255 COMPUTE STATISTICS 
  STORAGE(INITIAL 65536 NEXT 1048576 MINEXTENTS 1 MAXEXTENTS 2147483645
  PCTINCREASE 0 FREELISTS 1 FREELIST GROUPS 1
  BUFFER_POOL DEFAULT FLASH_CACHE DEFAULT CELL_FLASH_CACHE DEFAULT)
  TABLESPACE "USERS" ;
--------------------------------------------------------
--  DDL for Index SYS_C008318
--------------------------------------------------------

  CREATE UNIQUE INDEX "GUSTAVO_ALVA"."SYS_C008318" ON "GUSTAVO_ALVA"."CATEGORIAS_MENU" ("CATEGORIA_ID") 
  PCTFREE 10 INITRANS 2 MAXTRANS 255 COMPUTE STATISTICS 
  STORAGE(INITIAL 65536 NEXT 1048576 MINEXTENTS 1 MAXEXTENTS 2147483645
  PCTINCREASE 0 FREELISTS 1 FREELIST GROUPS 1
  BUFFER_POOL DEFAULT FLASH_CACHE DEFAULT CELL_FLASH_CACHE DEFAULT)
  TABLESPACE "USERS" ;
--------------------------------------------------------
--  DDL for Index SYS_C008322
--------------------------------------------------------

  CREATE UNIQUE INDEX "GUSTAVO_ALVA"."SYS_C008322" ON "GUSTAVO_ALVA"."PLATOS_MENU" ("PLATO_ID") 
  PCTFREE 10 INITRANS 2 MAXTRANS 255 COMPUTE STATISTICS 
  STORAGE(INITIAL 65536 NEXT 1048576 MINEXTENTS 1 MAXEXTENTS 2147483645
  PCTINCREASE 0 FREELISTS 1 FREELIST GROUPS 1
  BUFFER_POOL DEFAULT FLASH_CACHE DEFAULT CELL_FLASH_CACHE DEFAULT)
  TABLESPACE "USERS" ;
--------------------------------------------------------
--  DDL for Index SYS_C008326
--------------------------------------------------------

  CREATE UNIQUE INDEX "GUSTAVO_ALVA"."SYS_C008326" ON "GUSTAVO_ALVA"."RECETAS_ESCANDALLO" ("RECETA_ID") 
  PCTFREE 10 INITRANS 2 MAXTRANS 255 COMPUTE STATISTICS 
  TABLESPACE "USERS" ;
--------------------------------------------------------
--  DDL for Index SYS_C008331
--------------------------------------------------------

  CREATE UNIQUE INDEX "GUSTAVO_ALVA"."SYS_C008331" ON "GUSTAVO_ALVA"."MESAS" ("MESA_ID") 
  PCTFREE 10 INITRANS 2 MAXTRANS 255 COMPUTE STATISTICS 
  STORAGE(INITIAL 65536 NEXT 1048576 MINEXTENTS 1 MAXEXTENTS 2147483645
  PCTINCREASE 0 FREELISTS 1 FREELIST GROUPS 1
  BUFFER_POOL DEFAULT FLASH_CACHE DEFAULT CELL_FLASH_CACHE DEFAULT)
  TABLESPACE "USERS" ;
--------------------------------------------------------
--  DDL for Index SYS_C008336
--------------------------------------------------------

  CREATE UNIQUE INDEX "GUSTAVO_ALVA"."SYS_C008336" ON "GUSTAVO_ALVA"."VENTAS_CABECERA" ("VENTA_ID") 
  PCTFREE 10 INITRANS 2 MAXTRANS 255 COMPUTE STATISTICS 
  STORAGE(INITIAL 65536 NEXT 1048576 MINEXTENTS 1 MAXEXTENTS 2147483645
  PCTINCREASE 0 FREELISTS 1 FREELIST GROUPS 1
  BUFFER_POOL DEFAULT FLASH_CACHE DEFAULT CELL_FLASH_CACHE DEFAULT)
  TABLESPACE "USERS" ;
--------------------------------------------------------
--  DDL for Index SYS_C008342
--------------------------------------------------------

  CREATE UNIQUE INDEX "GUSTAVO_ALVA"."SYS_C008342" ON "GUSTAVO_ALVA"."VENTAS_DETALLE" ("DETALLE_ID") 
  PCTFREE 10 INITRANS 2 MAXTRANS 255 COMPUTE STATISTICS 
  STORAGE(INITIAL 65536 NEXT 1048576 MINEXTENTS 1 MAXEXTENTS 2147483645
  PCTINCREASE 0 FREELISTS 1 FREELIST GROUPS 1
  BUFFER_POOL DEFAULT FLASH_CACHE DEFAULT CELL_FLASH_CACHE DEFAULT)
  TABLESPACE "USERS" ;
--------------------------------------------------------
--  DDL for Index SYS_C008346
--------------------------------------------------------

  CREATE UNIQUE INDEX "GUSTAVO_ALVA"."SYS_C008346" ON "GUSTAVO_ALVA"."COMPROBANTES_PAGO" ("COMPROBANTE_ID") 
  PCTFREE 10 INITRANS 2 MAXTRANS 255 COMPUTE STATISTICS 
  STORAGE(INITIAL 65536 NEXT 1048576 MINEXTENTS 1 MAXEXTENTS 2147483645
  PCTINCREASE 0 FREELISTS 1 FREELIST GROUPS 1
  BUFFER_POOL DEFAULT FLASH_CACHE DEFAULT CELL_FLASH_CACHE DEFAULT)
  TABLESPACE "USERS" ;
--------------------------------------------------------
--  DDL for Index SYS_C008347
--------------------------------------------------------

  CREATE UNIQUE INDEX "GUSTAVO_ALVA"."SYS_C008347" ON "GUSTAVO_ALVA"."COMPROBANTES_PAGO" ("SERIE_NUMERO") 
  PCTFREE 10 INITRANS 2 MAXTRANS 255 COMPUTE STATISTICS 
  STORAGE(INITIAL 65536 NEXT 1048576 MINEXTENTS 1 MAXEXTENTS 2147483645
  PCTINCREASE 0 FREELISTS 1 FREELIST GROUPS 1
  BUFFER_POOL DEFAULT FLASH_CACHE DEFAULT CELL_FLASH_CACHE DEFAULT)
  TABLESPACE "USERS" ;
--------------------------------------------------------
--  DDL for Index SYS_C008350
--------------------------------------------------------

  CREATE UNIQUE INDEX "GUSTAVO_ALVA"."SYS_C008350" ON "GUSTAVO_ALVA"."CAJA_DIARIA" ("CAJA_ID") 
  PCTFREE 10 INITRANS 2 MAXTRANS 255 COMPUTE STATISTICS 
  STORAGE(INITIAL 65536 NEXT 1048576 MINEXTENTS 1 MAXEXTENTS 2147483645
  PCTINCREASE 0 FREELISTS 1 FREELIST GROUPS 1
  BUFFER_POOL DEFAULT FLASH_CACHE DEFAULT CELL_FLASH_CACHE DEFAULT)
  TABLESPACE "USERS" ;
--------------------------------------------------------
--  DDL for Index SYS_C008354
--------------------------------------------------------

  CREATE UNIQUE INDEX "GUSTAVO_ALVA"."SYS_C008354" ON "GUSTAVO_ALVA"."CLIENTES" ("CLIENTE_ID") 
  PCTFREE 10 INITRANS 2 MAXTRANS 255 COMPUTE STATISTICS 
  STORAGE(INITIAL 65536 NEXT 1048576 MINEXTENTS 1 MAXEXTENTS 2147483645
  PCTINCREASE 0 FREELISTS 1 FREELIST GROUPS 1
  BUFFER_POOL DEFAULT FLASH_CACHE DEFAULT CELL_FLASH_CACHE DEFAULT)
  TABLESPACE "USERS" ;
--------------------------------------------------------
--  DDL for Index SYS_C008355
--------------------------------------------------------

  CREATE UNIQUE INDEX "GUSTAVO_ALVA"."SYS_C008355" ON "GUSTAVO_ALVA"."CLIENTES" ("DNI") 
  PCTFREE 10 INITRANS 2 MAXTRANS 255 COMPUTE STATISTICS 
  STORAGE(INITIAL 65536 NEXT 1048576 MINEXTENTS 1 MAXEXTENTS 2147483645
  PCTINCREASE 0 FREELISTS 1 FREELIST GROUPS 1
  BUFFER_POOL DEFAULT FLASH_CACHE DEFAULT CELL_FLASH_CACHE DEFAULT)
  TABLESPACE "USERS" ;
--------------------------------------------------------
--  DDL for Index SYS_C008359
--------------------------------------------------------

  CREATE UNIQUE INDEX "GUSTAVO_ALVA"."SYS_C008359" ON "GUSTAVO_ALVA"."METODOS_PAGO" ("ID_METODO_PAGO") 
  PCTFREE 10 INITRANS 2 MAXTRANS 255 COMPUTE STATISTICS 
  STORAGE(INITIAL 65536 NEXT 1048576 MINEXTENTS 1 MAXEXTENTS 2147483645
  PCTINCREASE 0 FREELISTS 1 FREELIST GROUPS 1
  BUFFER_POOL DEFAULT FLASH_CACHE DEFAULT CELL_FLASH_CACHE DEFAULT)
  TABLESPACE "USERS" ;
--------------------------------------------------------
--  DDL for Index SYS_C008360
--------------------------------------------------------

  CREATE UNIQUE INDEX "GUSTAVO_ALVA"."SYS_C008360" ON "GUSTAVO_ALVA"."METODOS_PAGO" ("NOMBRE") 
  PCTFREE 10 INITRANS 2 MAXTRANS 255 COMPUTE STATISTICS 
  STORAGE(INITIAL 65536 NEXT 1048576 MINEXTENTS 1 MAXEXTENTS 2147483645
  PCTINCREASE 0 FREELISTS 1 FREELIST GROUPS 1
  BUFFER_POOL DEFAULT FLASH_CACHE DEFAULT CELL_FLASH_CACHE DEFAULT)
  TABLESPACE "USERS" ;
--------------------------------------------------------
--  DDL for Index SYS_C008365
--------------------------------------------------------

  CREATE UNIQUE INDEX "GUSTAVO_ALVA"."SYS_C008365" ON "GUSTAVO_ALVA"."USUARIOS" ("USUARIO_ID") 
  PCTFREE 10 INITRANS 2 MAXTRANS 255 COMPUTE STATISTICS 
  STORAGE(INITIAL 65536 NEXT 1048576 MINEXTENTS 1 MAXEXTENTS 2147483645
  PCTINCREASE 0 FREELISTS 1 FREELIST GROUPS 1
  BUFFER_POOL DEFAULT FLASH_CACHE DEFAULT CELL_FLASH_CACHE DEFAULT)
  TABLESPACE "USERS" ;
--------------------------------------------------------
--  DDL for Index SYS_C008366
--------------------------------------------------------

  CREATE UNIQUE INDEX "GUSTAVO_ALVA"."SYS_C008366" ON "GUSTAVO_ALVA"."USUARIOS" ("USERNAME") 
  PCTFREE 10 INITRANS 2 MAXTRANS 255 COMPUTE STATISTICS 
  STORAGE(INITIAL 65536 NEXT 1048576 MINEXTENTS 1 MAXEXTENTS 2147483645
  PCTINCREASE 0 FREELISTS 1 FREELIST GROUPS 1
  BUFFER_POOL DEFAULT FLASH_CACHE DEFAULT CELL_FLASH_CACHE DEFAULT)
  TABLESPACE "USERS" ;
--------------------------------------------------------
--  DDL for Index SYS_C008367
--------------------------------------------------------

  CREATE UNIQUE INDEX "GUSTAVO_ALVA"."SYS_C008367" ON "GUSTAVO_ALVA"."USUARIOS" ("EMPLEADO_ID") 
  PCTFREE 10 INITRANS 2 MAXTRANS 255 COMPUTE STATISTICS 
  STORAGE(INITIAL 65536 NEXT 1048576 MINEXTENTS 1 MAXEXTENTS 2147483645
  PCTINCREASE 0 FREELISTS 1 FREELIST GROUPS 1
  BUFFER_POOL DEFAULT FLASH_CACHE DEFAULT CELL_FLASH_CACHE DEFAULT)
  TABLESPACE "USERS" ;
--------------------------------------------------------
--  DDL for Index SYS_C008296
--------------------------------------------------------

  CREATE UNIQUE INDEX "GUSTAVO_ALVA"."SYS_C008296" ON "GUSTAVO_ALVA"."ASISTENCIA_TURNOS" ("ASISTENCIA_ID") 
  PCTFREE 10 INITRANS 2 MAXTRANS 255 COMPUTE STATISTICS 
  TABLESPACE "USERS" ;
--------------------------------------------------------
--  DDL for Index SYS_C008350
--------------------------------------------------------

  CREATE UNIQUE INDEX "GUSTAVO_ALVA"."SYS_C008350" ON "GUSTAVO_ALVA"."CAJA_DIARIA" ("CAJA_ID") 
  PCTFREE 10 INITRANS 2 MAXTRANS 255 COMPUTE STATISTICS 
  STORAGE(INITIAL 65536 NEXT 1048576 MINEXTENTS 1 MAXEXTENTS 2147483645
  PCTINCREASE 0 FREELISTS 1 FREELIST GROUPS 1
  BUFFER_POOL DEFAULT FLASH_CACHE DEFAULT CELL_FLASH_CACHE DEFAULT)
  TABLESPACE "USERS" ;
--------------------------------------------------------
--  DDL for Index SYS_C008318
--------------------------------------------------------

  CREATE UNIQUE INDEX "GUSTAVO_ALVA"."SYS_C008318" ON "GUSTAVO_ALVA"."CATEGORIAS_MENU" ("CATEGORIA_ID") 
  PCTFREE 10 INITRANS 2 MAXTRANS 255 COMPUTE STATISTICS 
  STORAGE(INITIAL 65536 NEXT 1048576 MINEXTENTS 1 MAXEXTENTS 2147483645
  PCTINCREASE 0 FREELISTS 1 FREELIST GROUPS 1
  BUFFER_POOL DEFAULT FLASH_CACHE DEFAULT CELL_FLASH_CACHE DEFAULT)
  TABLESPACE "USERS" ;
--------------------------------------------------------
--  DDL for Index SYS_C008354
--------------------------------------------------------

  CREATE UNIQUE INDEX "GUSTAVO_ALVA"."SYS_C008354" ON "GUSTAVO_ALVA"."CLIENTES" ("CLIENTE_ID") 
  PCTFREE 10 INITRANS 2 MAXTRANS 255 COMPUTE STATISTICS 
  STORAGE(INITIAL 65536 NEXT 1048576 MINEXTENTS 1 MAXEXTENTS 2147483645
  PCTINCREASE 0 FREELISTS 1 FREELIST GROUPS 1
  BUFFER_POOL DEFAULT FLASH_CACHE DEFAULT CELL_FLASH_CACHE DEFAULT)
  TABLESPACE "USERS" ;
--------------------------------------------------------
--  DDL for Index SYS_C008355
--------------------------------------------------------

  CREATE UNIQUE INDEX "GUSTAVO_ALVA"."SYS_C008355" ON "GUSTAVO_ALVA"."CLIENTES" ("DNI") 
  PCTFREE 10 INITRANS 2 MAXTRANS 255 COMPUTE STATISTICS 
  STORAGE(INITIAL 65536 NEXT 1048576 MINEXTENTS 1 MAXEXTENTS 2147483645
  PCTINCREASE 0 FREELISTS 1 FREELIST GROUPS 1
  BUFFER_POOL DEFAULT FLASH_CACHE DEFAULT CELL_FLASH_CACHE DEFAULT)
  TABLESPACE "USERS" ;
--------------------------------------------------------
--  DDL for Index SYS_C008346
--------------------------------------------------------

  CREATE UNIQUE INDEX "GUSTAVO_ALVA"."SYS_C008346" ON "GUSTAVO_ALVA"."COMPROBANTES_PAGO" ("COMPROBANTE_ID") 
  PCTFREE 10 INITRANS 2 MAXTRANS 255 COMPUTE STATISTICS 
  STORAGE(INITIAL 65536 NEXT 1048576 MINEXTENTS 1 MAXEXTENTS 2147483645
  PCTINCREASE 0 FREELISTS 1 FREELIST GROUPS 1
  BUFFER_POOL DEFAULT FLASH_CACHE DEFAULT CELL_FLASH_CACHE DEFAULT)
  TABLESPACE "USERS" ;
--------------------------------------------------------
--  DDL for Index SYS_C008347
--------------------------------------------------------

  CREATE UNIQUE INDEX "GUSTAVO_ALVA"."SYS_C008347" ON "GUSTAVO_ALVA"."COMPROBANTES_PAGO" ("SERIE_NUMERO") 
  PCTFREE 10 INITRANS 2 MAXTRANS 255 COMPUTE STATISTICS 
  STORAGE(INITIAL 65536 NEXT 1048576 MINEXTENTS 1 MAXEXTENTS 2147483645
  PCTINCREASE 0 FREELISTS 1 FREELIST GROUPS 1
  BUFFER_POOL DEFAULT FLASH_CACHE DEFAULT CELL_FLASH_CACHE DEFAULT)
  TABLESPACE "USERS" ;
--------------------------------------------------------
--  DDL for Index SYS_C008292
--------------------------------------------------------

  CREATE UNIQUE INDEX "GUSTAVO_ALVA"."SYS_C008292" ON "GUSTAVO_ALVA"."EMPLEADOS" ("EMPLEADO_ID") 
  PCTFREE 10 INITRANS 2 MAXTRANS 255 COMPUTE STATISTICS 
  STORAGE(INITIAL 65536 NEXT 1048576 MINEXTENTS 1 MAXEXTENTS 2147483645
  PCTINCREASE 0 FREELISTS 1 FREELIST GROUPS 1
  BUFFER_POOL DEFAULT FLASH_CACHE DEFAULT CELL_FLASH_CACHE DEFAULT)
  TABLESPACE "USERS" ;
--------------------------------------------------------
--  DDL for Index SYS_C008293
--------------------------------------------------------

  CREATE UNIQUE INDEX "GUSTAVO_ALVA"."SYS_C008293" ON "GUSTAVO_ALVA"."EMPLEADOS" ("DNI") 
  PCTFREE 10 INITRANS 2 MAXTRANS 255 COMPUTE STATISTICS 
  STORAGE(INITIAL 65536 NEXT 1048576 MINEXTENTS 1 MAXEXTENTS 2147483645
  PCTINCREASE 0 FREELISTS 1 FREELIST GROUPS 1
  BUFFER_POOL DEFAULT FLASH_CACHE DEFAULT CELL_FLASH_CACHE DEFAULT)
  TABLESPACE "USERS" ;
--------------------------------------------------------
--  DDL for Index SYS_C008306
--------------------------------------------------------

  CREATE UNIQUE INDEX "GUSTAVO_ALVA"."SYS_C008306" ON "GUSTAVO_ALVA"."INSUMOS" ("INSUMO_ID") 
  PCTFREE 10 INITRANS 2 MAXTRANS 255 COMPUTE STATISTICS 
  STORAGE(INITIAL 65536 NEXT 1048576 MINEXTENTS 1 MAXEXTENTS 2147483645
  PCTINCREASE 0 FREELISTS 1 FREELIST GROUPS 1
  BUFFER_POOL DEFAULT FLASH_CACHE DEFAULT CELL_FLASH_CACHE DEFAULT)
  TABLESPACE "USERS" ;
--------------------------------------------------------
--  DDL for Index SYS_C008313
--------------------------------------------------------

  CREATE UNIQUE INDEX "GUSTAVO_ALVA"."SYS_C008313" ON "GUSTAVO_ALVA"."MERMAS" ("MERMA_ID") 
  PCTFREE 10 INITRANS 2 MAXTRANS 255 COMPUTE STATISTICS 
  STORAGE(INITIAL 65536 NEXT 1048576 MINEXTENTS 1 MAXEXTENTS 2147483645
  PCTINCREASE 0 FREELISTS 1 FREELIST GROUPS 1
  BUFFER_POOL DEFAULT FLASH_CACHE DEFAULT CELL_FLASH_CACHE DEFAULT)
  TABLESPACE "USERS" ;
--------------------------------------------------------
--  DDL for Index SYS_C008331
--------------------------------------------------------

  CREATE UNIQUE INDEX "GUSTAVO_ALVA"."SYS_C008331" ON "GUSTAVO_ALVA"."MESAS" ("MESA_ID") 
  PCTFREE 10 INITRANS 2 MAXTRANS 255 COMPUTE STATISTICS 
  STORAGE(INITIAL 65536 NEXT 1048576 MINEXTENTS 1 MAXEXTENTS 2147483645
  PCTINCREASE 0 FREELISTS 1 FREELIST GROUPS 1
  BUFFER_POOL DEFAULT FLASH_CACHE DEFAULT CELL_FLASH_CACHE DEFAULT)
  TABLESPACE "USERS" ;
--------------------------------------------------------
--  DDL for Index SYS_C008359
--------------------------------------------------------

  CREATE UNIQUE INDEX "GUSTAVO_ALVA"."SYS_C008359" ON "GUSTAVO_ALVA"."METODOS_PAGO" ("ID_METODO_PAGO") 
  PCTFREE 10 INITRANS 2 MAXTRANS 255 COMPUTE STATISTICS 
  STORAGE(INITIAL 65536 NEXT 1048576 MINEXTENTS 1 MAXEXTENTS 2147483645
  PCTINCREASE 0 FREELISTS 1 FREELIST GROUPS 1
  BUFFER_POOL DEFAULT FLASH_CACHE DEFAULT CELL_FLASH_CACHE DEFAULT)
  TABLESPACE "USERS" ;
--------------------------------------------------------
--  DDL for Index SYS_C008360
--------------------------------------------------------

  CREATE UNIQUE INDEX "GUSTAVO_ALVA"."SYS_C008360" ON "GUSTAVO_ALVA"."METODOS_PAGO" ("NOMBRE") 
  PCTFREE 10 INITRANS 2 MAXTRANS 255 COMPUTE STATISTICS 
  STORAGE(INITIAL 65536 NEXT 1048576 MINEXTENTS 1 MAXEXTENTS 2147483645
  PCTINCREASE 0 FREELISTS 1 FREELIST GROUPS 1
  BUFFER_POOL DEFAULT FLASH_CACHE DEFAULT CELL_FLASH_CACHE DEFAULT)
  TABLESPACE "USERS" ;
--------------------------------------------------------
--  DDL for Index SYS_C008322
--------------------------------------------------------

  CREATE UNIQUE INDEX "GUSTAVO_ALVA"."SYS_C008322" ON "GUSTAVO_ALVA"."PLATOS_MENU" ("PLATO_ID") 
  PCTFREE 10 INITRANS 2 MAXTRANS 255 COMPUTE STATISTICS 
  STORAGE(INITIAL 65536 NEXT 1048576 MINEXTENTS 1 MAXEXTENTS 2147483645
  PCTINCREASE 0 FREELISTS 1 FREELIST GROUPS 1
  BUFFER_POOL DEFAULT FLASH_CACHE DEFAULT CELL_FLASH_CACHE DEFAULT)
  TABLESPACE "USERS" ;
--------------------------------------------------------
--  DDL for Index SYS_C008301
--------------------------------------------------------

  CREATE UNIQUE INDEX "GUSTAVO_ALVA"."SYS_C008301" ON "GUSTAVO_ALVA"."PROVEEDORES" ("PROVEEDOR_ID") 
  PCTFREE 10 INITRANS 2 MAXTRANS 255 COMPUTE STATISTICS 
  STORAGE(INITIAL 65536 NEXT 1048576 MINEXTENTS 1 MAXEXTENTS 2147483645
  PCTINCREASE 0 FREELISTS 1 FREELIST GROUPS 1
  BUFFER_POOL DEFAULT FLASH_CACHE DEFAULT CELL_FLASH_CACHE DEFAULT)
  TABLESPACE "USERS" ;
--------------------------------------------------------
--  DDL for Index SYS_C008302
--------------------------------------------------------

  CREATE UNIQUE INDEX "GUSTAVO_ALVA"."SYS_C008302" ON "GUSTAVO_ALVA"."PROVEEDORES" ("RUC") 
  PCTFREE 10 INITRANS 2 MAXTRANS 255 COMPUTE STATISTICS 
  STORAGE(INITIAL 65536 NEXT 1048576 MINEXTENTS 1 MAXEXTENTS 2147483645
  PCTINCREASE 0 FREELISTS 1 FREELIST GROUPS 1
  BUFFER_POOL DEFAULT FLASH_CACHE DEFAULT CELL_FLASH_CACHE DEFAULT)
  TABLESPACE "USERS" ;
--------------------------------------------------------
--  DDL for Index SYS_C008326
--------------------------------------------------------

  CREATE UNIQUE INDEX "GUSTAVO_ALVA"."SYS_C008326" ON "GUSTAVO_ALVA"."RECETAS_ESCANDALLO" ("RECETA_ID") 
  PCTFREE 10 INITRANS 2 MAXTRANS 255 COMPUTE STATISTICS 
  TABLESPACE "USERS" ;
--------------------------------------------------------
--  DDL for Index SYS_C008288
--------------------------------------------------------

  CREATE UNIQUE INDEX "GUSTAVO_ALVA"."SYS_C008288" ON "GUSTAVO_ALVA"."ROLES" ("ROL_ID") 
  PCTFREE 10 INITRANS 2 MAXTRANS 255 COMPUTE STATISTICS 
  STORAGE(INITIAL 65536 NEXT 1048576 MINEXTENTS 1 MAXEXTENTS 2147483645
  PCTINCREASE 0 FREELISTS 1 FREELIST GROUPS 1
  BUFFER_POOL DEFAULT FLASH_CACHE DEFAULT CELL_FLASH_CACHE DEFAULT)
  TABLESPACE "USERS" ;
--------------------------------------------------------
--  DDL for Index SYS_C008365
--------------------------------------------------------

  CREATE UNIQUE INDEX "GUSTAVO_ALVA"."SYS_C008365" ON "GUSTAVO_ALVA"."USUARIOS" ("USUARIO_ID") 
  PCTFREE 10 INITRANS 2 MAXTRANS 255 COMPUTE STATISTICS 
  STORAGE(INITIAL 65536 NEXT 1048576 MINEXTENTS 1 MAXEXTENTS 2147483645
  PCTINCREASE 0 FREELISTS 1 FREELIST GROUPS 1
  BUFFER_POOL DEFAULT FLASH_CACHE DEFAULT CELL_FLASH_CACHE DEFAULT)
  TABLESPACE "USERS" ;
--------------------------------------------------------
--  DDL for Index SYS_C008366
--------------------------------------------------------

  CREATE UNIQUE INDEX "GUSTAVO_ALVA"."SYS_C008366" ON "GUSTAVO_ALVA"."USUARIOS" ("USERNAME") 
  PCTFREE 10 INITRANS 2 MAXTRANS 255 COMPUTE STATISTICS 
  STORAGE(INITIAL 65536 NEXT 1048576 MINEXTENTS 1 MAXEXTENTS 2147483645
  PCTINCREASE 0 FREELISTS 1 FREELIST GROUPS 1
  BUFFER_POOL DEFAULT FLASH_CACHE DEFAULT CELL_FLASH_CACHE DEFAULT)
  TABLESPACE "USERS" ;
--------------------------------------------------------
--  DDL for Index SYS_C008367
--------------------------------------------------------

  CREATE UNIQUE INDEX "GUSTAVO_ALVA"."SYS_C008367" ON "GUSTAVO_ALVA"."USUARIOS" ("EMPLEADO_ID") 
  PCTFREE 10 INITRANS 2 MAXTRANS 255 COMPUTE STATISTICS 
  STORAGE(INITIAL 65536 NEXT 1048576 MINEXTENTS 1 MAXEXTENTS 2147483645
  PCTINCREASE 0 FREELISTS 1 FREELIST GROUPS 1
  BUFFER_POOL DEFAULT FLASH_CACHE DEFAULT CELL_FLASH_CACHE DEFAULT)
  TABLESPACE "USERS" ;
--------------------------------------------------------
--  DDL for Index SYS_C008336
--------------------------------------------------------

  CREATE UNIQUE INDEX "GUSTAVO_ALVA"."SYS_C008336" ON "GUSTAVO_ALVA"."VENTAS_CABECERA" ("VENTA_ID") 
  PCTFREE 10 INITRANS 2 MAXTRANS 255 COMPUTE STATISTICS 
  STORAGE(INITIAL 65536 NEXT 1048576 MINEXTENTS 1 MAXEXTENTS 2147483645
  PCTINCREASE 0 FREELISTS 1 FREELIST GROUPS 1
  BUFFER_POOL DEFAULT FLASH_CACHE DEFAULT CELL_FLASH_CACHE DEFAULT)
  TABLESPACE "USERS" ;
--------------------------------------------------------
--  DDL for Index SYS_C008342
--------------------------------------------------------

  CREATE UNIQUE INDEX "GUSTAVO_ALVA"."SYS_C008342" ON "GUSTAVO_ALVA"."VENTAS_DETALLE" ("DETALLE_ID") 
  PCTFREE 10 INITRANS 2 MAXTRANS 255 COMPUTE STATISTICS 
  STORAGE(INITIAL 65536 NEXT 1048576 MINEXTENTS 1 MAXEXTENTS 2147483645
  PCTINCREASE 0 FREELISTS 1 FREELIST GROUPS 1
  BUFFER_POOL DEFAULT FLASH_CACHE DEFAULT CELL_FLASH_CACHE DEFAULT)
  TABLESPACE "USERS" ;
--------------------------------------------------------
--  Constraints for Table ASISTENCIA_TURNOS
--------------------------------------------------------

  ALTER TABLE "GUSTAVO_ALVA"."ASISTENCIA_TURNOS" MODIFY ("ASISTENCIA_ID" NOT NULL ENABLE);
  ALTER TABLE "GUSTAVO_ALVA"."ASISTENCIA_TURNOS" ADD PRIMARY KEY ("ASISTENCIA_ID")
  USING INDEX PCTFREE 10 INITRANS 2 MAXTRANS 255 COMPUTE STATISTICS 
  TABLESPACE "USERS"  ENABLE;
--------------------------------------------------------
--  Constraints for Table CAJA_DIARIA
--------------------------------------------------------

  ALTER TABLE "GUSTAVO_ALVA"."CAJA_DIARIA" MODIFY ("CAJA_ID" NOT NULL ENABLE);
  ALTER TABLE "GUSTAVO_ALVA"."CAJA_DIARIA" ADD PRIMARY KEY ("CAJA_ID")
  USING INDEX PCTFREE 10 INITRANS 2 MAXTRANS 255 COMPUTE STATISTICS 
  STORAGE(INITIAL 65536 NEXT 1048576 MINEXTENTS 1 MAXEXTENTS 2147483645
  PCTINCREASE 0 FREELISTS 1 FREELIST GROUPS 1
  BUFFER_POOL DEFAULT FLASH_CACHE DEFAULT CELL_FLASH_CACHE DEFAULT)
  TABLESPACE "USERS"  ENABLE;
--------------------------------------------------------
--  Constraints for Table CATEGORIAS_MENU
--------------------------------------------------------

  ALTER TABLE "GUSTAVO_ALVA"."CATEGORIAS_MENU" MODIFY ("CATEGORIA_ID" NOT NULL ENABLE);
  ALTER TABLE "GUSTAVO_ALVA"."CATEGORIAS_MENU" MODIFY ("NOMBRE_CATEGORIA" NOT NULL ENABLE);
  ALTER TABLE "GUSTAVO_ALVA"."CATEGORIAS_MENU" ADD PRIMARY KEY ("CATEGORIA_ID")
  USING INDEX PCTFREE 10 INITRANS 2 MAXTRANS 255 COMPUTE STATISTICS 
  STORAGE(INITIAL 65536 NEXT 1048576 MINEXTENTS 1 MAXEXTENTS 2147483645
  PCTINCREASE 0 FREELISTS 1 FREELIST GROUPS 1
  BUFFER_POOL DEFAULT FLASH_CACHE DEFAULT CELL_FLASH_CACHE DEFAULT)
  TABLESPACE "USERS"  ENABLE;
--------------------------------------------------------
--  Constraints for Table CLIENTES
--------------------------------------------------------

  ALTER TABLE "GUSTAVO_ALVA"."CLIENTES" MODIFY ("CLIENTE_ID" NOT NULL ENABLE);
  ALTER TABLE "GUSTAVO_ALVA"."CLIENTES" MODIFY ("NOMBRE" NOT NULL ENABLE);
  ALTER TABLE "GUSTAVO_ALVA"."CLIENTES" ADD PRIMARY KEY ("CLIENTE_ID")
  USING INDEX PCTFREE 10 INITRANS 2 MAXTRANS 255 COMPUTE STATISTICS 
  STORAGE(INITIAL 65536 NEXT 1048576 MINEXTENTS 1 MAXEXTENTS 2147483645
  PCTINCREASE 0 FREELISTS 1 FREELIST GROUPS 1
  BUFFER_POOL DEFAULT FLASH_CACHE DEFAULT CELL_FLASH_CACHE DEFAULT)
  TABLESPACE "USERS"  ENABLE;
  ALTER TABLE "GUSTAVO_ALVA"."CLIENTES" ADD UNIQUE ("DNI")
  USING INDEX PCTFREE 10 INITRANS 2 MAXTRANS 255 COMPUTE STATISTICS 
  STORAGE(INITIAL 65536 NEXT 1048576 MINEXTENTS 1 MAXEXTENTS 2147483645
  PCTINCREASE 0 FREELISTS 1 FREELIST GROUPS 1
  BUFFER_POOL DEFAULT FLASH_CACHE DEFAULT CELL_FLASH_CACHE DEFAULT)
  TABLESPACE "USERS"  ENABLE;
--------------------------------------------------------
--  Constraints for Table COMPROBANTES_PAGO
--------------------------------------------------------

  ALTER TABLE "GUSTAVO_ALVA"."COMPROBANTES_PAGO" MODIFY ("COMPROBANTE_ID" NOT NULL ENABLE);
  ALTER TABLE "GUSTAVO_ALVA"."COMPROBANTES_PAGO" ADD PRIMARY KEY ("COMPROBANTE_ID")
  USING INDEX PCTFREE 10 INITRANS 2 MAXTRANS 255 COMPUTE STATISTICS 
  STORAGE(INITIAL 65536 NEXT 1048576 MINEXTENTS 1 MAXEXTENTS 2147483645
  PCTINCREASE 0 FREELISTS 1 FREELIST GROUPS 1
  BUFFER_POOL DEFAULT FLASH_CACHE DEFAULT CELL_FLASH_CACHE DEFAULT)
  TABLESPACE "USERS"  ENABLE;
  ALTER TABLE "GUSTAVO_ALVA"."COMPROBANTES_PAGO" ADD UNIQUE ("SERIE_NUMERO")
  USING INDEX PCTFREE 10 INITRANS 2 MAXTRANS 255 COMPUTE STATISTICS 
  STORAGE(INITIAL 65536 NEXT 1048576 MINEXTENTS 1 MAXEXTENTS 2147483645
  PCTINCREASE 0 FREELISTS 1 FREELIST GROUPS 1
  BUFFER_POOL DEFAULT FLASH_CACHE DEFAULT CELL_FLASH_CACHE DEFAULT)
  TABLESPACE "USERS"  ENABLE;
--------------------------------------------------------
--  Constraints for Table EMPLEADOS
--------------------------------------------------------

  ALTER TABLE "GUSTAVO_ALVA"."EMPLEADOS" MODIFY ("EMPLEADO_ID" NOT NULL ENABLE);
  ALTER TABLE "GUSTAVO_ALVA"."EMPLEADOS" MODIFY ("NOMBRE" NOT NULL ENABLE);
  ALTER TABLE "GUSTAVO_ALVA"."EMPLEADOS" MODIFY ("DNI" NOT NULL ENABLE);
  ALTER TABLE "GUSTAVO_ALVA"."EMPLEADOS" ADD PRIMARY KEY ("EMPLEADO_ID")
  USING INDEX PCTFREE 10 INITRANS 2 MAXTRANS 255 COMPUTE STATISTICS 
  STORAGE(INITIAL 65536 NEXT 1048576 MINEXTENTS 1 MAXEXTENTS 2147483645
  PCTINCREASE 0 FREELISTS 1 FREELIST GROUPS 1
  BUFFER_POOL DEFAULT FLASH_CACHE DEFAULT CELL_FLASH_CACHE DEFAULT)
  TABLESPACE "USERS"  ENABLE;
  ALTER TABLE "GUSTAVO_ALVA"."EMPLEADOS" ADD UNIQUE ("DNI")
  USING INDEX PCTFREE 10 INITRANS 2 MAXTRANS 255 COMPUTE STATISTICS 
  STORAGE(INITIAL 65536 NEXT 1048576 MINEXTENTS 1 MAXEXTENTS 2147483645
  PCTINCREASE 0 FREELISTS 1 FREELIST GROUPS 1
  BUFFER_POOL DEFAULT FLASH_CACHE DEFAULT CELL_FLASH_CACHE DEFAULT)
  TABLESPACE "USERS"  ENABLE;
--------------------------------------------------------
--  Constraints for Table INSUMOS
--------------------------------------------------------

  ALTER TABLE "GUSTAVO_ALVA"."INSUMOS" MODIFY ("INSUMO_ID" NOT NULL ENABLE);
  ALTER TABLE "GUSTAVO_ALVA"."INSUMOS" MODIFY ("NOMBRE_INSUMO" NOT NULL ENABLE);
  ALTER TABLE "GUSTAVO_ALVA"."INSUMOS" MODIFY ("UNIDAD_MEDIDA" NOT NULL ENABLE);
  ALTER TABLE "GUSTAVO_ALVA"."INSUMOS" ADD PRIMARY KEY ("INSUMO_ID")
  USING INDEX PCTFREE 10 INITRANS 2 MAXTRANS 255 COMPUTE STATISTICS 
  STORAGE(INITIAL 65536 NEXT 1048576 MINEXTENTS 1 MAXEXTENTS 2147483645
  PCTINCREASE 0 FREELISTS 1 FREELIST GROUPS 1
  BUFFER_POOL DEFAULT FLASH_CACHE DEFAULT CELL_FLASH_CACHE DEFAULT)
  TABLESPACE "USERS"  ENABLE;
--------------------------------------------------------
--  Constraints for Table MERMAS
--------------------------------------------------------

  ALTER TABLE "GUSTAVO_ALVA"."MERMAS" MODIFY ("MERMA_ID" NOT NULL ENABLE);
  ALTER TABLE "GUSTAVO_ALVA"."MERMAS" MODIFY ("CANTIDAD" NOT NULL ENABLE);
  ALTER TABLE "GUSTAVO_ALVA"."MERMAS" ADD PRIMARY KEY ("MERMA_ID")
  USING INDEX PCTFREE 10 INITRANS 2 MAXTRANS 255 COMPUTE STATISTICS 
  STORAGE(INITIAL 65536 NEXT 1048576 MINEXTENTS 1 MAXEXTENTS 2147483645
  PCTINCREASE 0 FREELISTS 1 FREELIST GROUPS 1
  BUFFER_POOL DEFAULT FLASH_CACHE DEFAULT CELL_FLASH_CACHE DEFAULT)
  TABLESPACE "USERS"  ENABLE;
--------------------------------------------------------
--  Constraints for Table MESAS
--------------------------------------------------------

  ALTER TABLE "GUSTAVO_ALVA"."MESAS" MODIFY ("MESA_ID" NOT NULL ENABLE);
  ALTER TABLE "GUSTAVO_ALVA"."MESAS" MODIFY ("NUMERO_MESA" NOT NULL ENABLE);
  ALTER TABLE "GUSTAVO_ALVA"."MESAS" ADD PRIMARY KEY ("MESA_ID")
  USING INDEX PCTFREE 10 INITRANS 2 MAXTRANS 255 COMPUTE STATISTICS 
  STORAGE(INITIAL 65536 NEXT 1048576 MINEXTENTS 1 MAXEXTENTS 2147483645
  PCTINCREASE 0 FREELISTS 1 FREELIST GROUPS 1
  BUFFER_POOL DEFAULT FLASH_CACHE DEFAULT CELL_FLASH_CACHE DEFAULT)
  TABLESPACE "USERS"  ENABLE;
--------------------------------------------------------
--  Constraints for Table METODOS_PAGO
--------------------------------------------------------

  ALTER TABLE "GUSTAVO_ALVA"."METODOS_PAGO" MODIFY ("NOMBRE" NOT NULL ENABLE);
  ALTER TABLE "GUSTAVO_ALVA"."METODOS_PAGO" ADD PRIMARY KEY ("ID_METODO_PAGO")
  USING INDEX PCTFREE 10 INITRANS 2 MAXTRANS 255 COMPUTE STATISTICS 
  STORAGE(INITIAL 65536 NEXT 1048576 MINEXTENTS 1 MAXEXTENTS 2147483645
  PCTINCREASE 0 FREELISTS 1 FREELIST GROUPS 1
  BUFFER_POOL DEFAULT FLASH_CACHE DEFAULT CELL_FLASH_CACHE DEFAULT)
  TABLESPACE "USERS"  ENABLE;
  ALTER TABLE "GUSTAVO_ALVA"."METODOS_PAGO" ADD UNIQUE ("NOMBRE")
  USING INDEX PCTFREE 10 INITRANS 2 MAXTRANS 255 COMPUTE STATISTICS 
  STORAGE(INITIAL 65536 NEXT 1048576 MINEXTENTS 1 MAXEXTENTS 2147483645
  PCTINCREASE 0 FREELISTS 1 FREELIST GROUPS 1
  BUFFER_POOL DEFAULT FLASH_CACHE DEFAULT CELL_FLASH_CACHE DEFAULT)
  TABLESPACE "USERS"  ENABLE;
--------------------------------------------------------
--  Constraints for Table PLATOS_MENU
--------------------------------------------------------

  ALTER TABLE "GUSTAVO_ALVA"."PLATOS_MENU" MODIFY ("PLATO_ID" NOT NULL ENABLE);
  ALTER TABLE "GUSTAVO_ALVA"."PLATOS_MENU" MODIFY ("NOMBRE_PLATO" NOT NULL ENABLE);
  ALTER TABLE "GUSTAVO_ALVA"."PLATOS_MENU" MODIFY ("PRECIO_VENTA" NOT NULL ENABLE);
  ALTER TABLE "GUSTAVO_ALVA"."PLATOS_MENU" ADD PRIMARY KEY ("PLATO_ID")
  USING INDEX PCTFREE 10 INITRANS 2 MAXTRANS 255 COMPUTE STATISTICS 
  STORAGE(INITIAL 65536 NEXT 1048576 MINEXTENTS 1 MAXEXTENTS 2147483645
  PCTINCREASE 0 FREELISTS 1 FREELIST GROUPS 1
  BUFFER_POOL DEFAULT FLASH_CACHE DEFAULT CELL_FLASH_CACHE DEFAULT)
  TABLESPACE "USERS"  ENABLE;
--------------------------------------------------------
--  Constraints for Table PROVEEDORES
--------------------------------------------------------

  ALTER TABLE "GUSTAVO_ALVA"."PROVEEDORES" MODIFY ("PROVEEDOR_ID" NOT NULL ENABLE);
  ALTER TABLE "GUSTAVO_ALVA"."PROVEEDORES" MODIFY ("RUC" NOT NULL ENABLE);
  ALTER TABLE "GUSTAVO_ALVA"."PROVEEDORES" MODIFY ("NOMBRE_EMPRESA" NOT NULL ENABLE);
  ALTER TABLE "GUSTAVO_ALVA"."PROVEEDORES" ADD PRIMARY KEY ("PROVEEDOR_ID")
  USING INDEX PCTFREE 10 INITRANS 2 MAXTRANS 255 COMPUTE STATISTICS 
  STORAGE(INITIAL 65536 NEXT 1048576 MINEXTENTS 1 MAXEXTENTS 2147483645
  PCTINCREASE 0 FREELISTS 1 FREELIST GROUPS 1
  BUFFER_POOL DEFAULT FLASH_CACHE DEFAULT CELL_FLASH_CACHE DEFAULT)
  TABLESPACE "USERS"  ENABLE;
  ALTER TABLE "GUSTAVO_ALVA"."PROVEEDORES" ADD UNIQUE ("RUC")
  USING INDEX PCTFREE 10 INITRANS 2 MAXTRANS 255 COMPUTE STATISTICS 
  STORAGE(INITIAL 65536 NEXT 1048576 MINEXTENTS 1 MAXEXTENTS 2147483645
  PCTINCREASE 0 FREELISTS 1 FREELIST GROUPS 1
  BUFFER_POOL DEFAULT FLASH_CACHE DEFAULT CELL_FLASH_CACHE DEFAULT)
  TABLESPACE "USERS"  ENABLE;
--------------------------------------------------------
--  Constraints for Table RECETAS_ESCANDALLO
--------------------------------------------------------

  ALTER TABLE "GUSTAVO_ALVA"."RECETAS_ESCANDALLO" MODIFY ("RECETA_ID" NOT NULL ENABLE);
  ALTER TABLE "GUSTAVO_ALVA"."RECETAS_ESCANDALLO" MODIFY ("CANTIDAD_REQUERIDA" NOT NULL ENABLE);
  ALTER TABLE "GUSTAVO_ALVA"."RECETAS_ESCANDALLO" ADD PRIMARY KEY ("RECETA_ID")
  USING INDEX PCTFREE 10 INITRANS 2 MAXTRANS 255 COMPUTE STATISTICS 
  TABLESPACE "USERS"  ENABLE;
--------------------------------------------------------
--  Constraints for Table ROLES
--------------------------------------------------------

  ALTER TABLE "GUSTAVO_ALVA"."ROLES" MODIFY ("ROL_ID" NOT NULL ENABLE);
  ALTER TABLE "GUSTAVO_ALVA"."ROLES" MODIFY ("NOMBRE_ROL" NOT NULL ENABLE);
  ALTER TABLE "GUSTAVO_ALVA"."ROLES" ADD PRIMARY KEY ("ROL_ID")
  USING INDEX PCTFREE 10 INITRANS 2 MAXTRANS 255 COMPUTE STATISTICS 
  STORAGE(INITIAL 65536 NEXT 1048576 MINEXTENTS 1 MAXEXTENTS 2147483645
  PCTINCREASE 0 FREELISTS 1 FREELIST GROUPS 1
  BUFFER_POOL DEFAULT FLASH_CACHE DEFAULT CELL_FLASH_CACHE DEFAULT)
  TABLESPACE "USERS"  ENABLE;
--------------------------------------------------------
--  Constraints for Table USUARIOS
--------------------------------------------------------

  ALTER TABLE "GUSTAVO_ALVA"."USUARIOS" MODIFY ("USERNAME" NOT NULL ENABLE);
  ALTER TABLE "GUSTAVO_ALVA"."USUARIOS" MODIFY ("PASSWORD_HASH" NOT NULL ENABLE);
  ALTER TABLE "GUSTAVO_ALVA"."USUARIOS" MODIFY ("ROL_ID" NOT NULL ENABLE);
  ALTER TABLE "GUSTAVO_ALVA"."USUARIOS" ADD PRIMARY KEY ("USUARIO_ID")
  USING INDEX PCTFREE 10 INITRANS 2 MAXTRANS 255 COMPUTE STATISTICS 
  STORAGE(INITIAL 65536 NEXT 1048576 MINEXTENTS 1 MAXEXTENTS 2147483645
  PCTINCREASE 0 FREELISTS 1 FREELIST GROUPS 1
  BUFFER_POOL DEFAULT FLASH_CACHE DEFAULT CELL_FLASH_CACHE DEFAULT)
  TABLESPACE "USERS"  ENABLE;
  ALTER TABLE "GUSTAVO_ALVA"."USUARIOS" ADD UNIQUE ("USERNAME")
  USING INDEX PCTFREE 10 INITRANS 2 MAXTRANS 255 COMPUTE STATISTICS 
  STORAGE(INITIAL 65536 NEXT 1048576 MINEXTENTS 1 MAXEXTENTS 2147483645
  PCTINCREASE 0 FREELISTS 1 FREELIST GROUPS 1
  BUFFER_POOL DEFAULT FLASH_CACHE DEFAULT CELL_FLASH_CACHE DEFAULT)
  TABLESPACE "USERS"  ENABLE;
  ALTER TABLE "GUSTAVO_ALVA"."USUARIOS" ADD UNIQUE ("EMPLEADO_ID")
  USING INDEX PCTFREE 10 INITRANS 2 MAXTRANS 255 COMPUTE STATISTICS 
  STORAGE(INITIAL 65536 NEXT 1048576 MINEXTENTS 1 MAXEXTENTS 2147483645
  PCTINCREASE 0 FREELISTS 1 FREELIST GROUPS 1
  BUFFER_POOL DEFAULT FLASH_CACHE DEFAULT CELL_FLASH_CACHE DEFAULT)
  TABLESPACE "USERS"  ENABLE;
--------------------------------------------------------
--  Constraints for Table VENTAS_CABECERA
--------------------------------------------------------

  ALTER TABLE "GUSTAVO_ALVA"."VENTAS_CABECERA" MODIFY ("VENTA_ID" NOT NULL ENABLE);
  ALTER TABLE "GUSTAVO_ALVA"."VENTAS_CABECERA" ADD PRIMARY KEY ("VENTA_ID")
  USING INDEX PCTFREE 10 INITRANS 2 MAXTRANS 255 COMPUTE STATISTICS 
  STORAGE(INITIAL 65536 NEXT 1048576 MINEXTENTS 1 MAXEXTENTS 2147483645
  PCTINCREASE 0 FREELISTS 1 FREELIST GROUPS 1
  BUFFER_POOL DEFAULT FLASH_CACHE DEFAULT CELL_FLASH_CACHE DEFAULT)
  TABLESPACE "USERS"  ENABLE;
--------------------------------------------------------
--  Constraints for Table VENTAS_DETALLE
--------------------------------------------------------

  ALTER TABLE "GUSTAVO_ALVA"."VENTAS_DETALLE" MODIFY ("DETALLE_ID" NOT NULL ENABLE);
  ALTER TABLE "GUSTAVO_ALVA"."VENTAS_DETALLE" MODIFY ("CANTIDAD" NOT NULL ENABLE);
  ALTER TABLE "GUSTAVO_ALVA"."VENTAS_DETALLE" ADD PRIMARY KEY ("DETALLE_ID")
  USING INDEX PCTFREE 10 INITRANS 2 MAXTRANS 255 COMPUTE STATISTICS 
  STORAGE(INITIAL 65536 NEXT 1048576 MINEXTENTS 1 MAXEXTENTS 2147483645
  PCTINCREASE 0 FREELISTS 1 FREELIST GROUPS 1
  BUFFER_POOL DEFAULT FLASH_CACHE DEFAULT CELL_FLASH_CACHE DEFAULT)
  TABLESPACE "USERS"  ENABLE;
--------------------------------------------------------
--  Ref Constraints for Table ASISTENCIA_TURNOS
--------------------------------------------------------

  ALTER TABLE "GUSTAVO_ALVA"."ASISTENCIA_TURNOS" ADD CONSTRAINT "FK_ASISTENCIA_EMP" FOREIGN KEY ("EMPLEADO_ID")
	  REFERENCES "GUSTAVO_ALVA"."EMPLEADOS" ("EMPLEADO_ID") ENABLE;
--------------------------------------------------------
--  Ref Constraints for Table CAJA_DIARIA
--------------------------------------------------------

  ALTER TABLE "GUSTAVO_ALVA"."CAJA_DIARIA" ADD CONSTRAINT "FK_CAJA_EMP" FOREIGN KEY ("EMPLEADO_ID")
	  REFERENCES "GUSTAVO_ALVA"."EMPLEADOS" ("EMPLEADO_ID") ENABLE;
--------------------------------------------------------
--  Ref Constraints for Table COMPROBANTES_PAGO
--------------------------------------------------------

  ALTER TABLE "GUSTAVO_ALVA"."COMPROBANTES_PAGO" ADD CONSTRAINT "FK_COMP_VENTA" FOREIGN KEY ("VENTA_ID")
	  REFERENCES "GUSTAVO_ALVA"."VENTAS_CABECERA" ("VENTA_ID") ENABLE;
  ALTER TABLE "GUSTAVO_ALVA"."COMPROBANTES_PAGO" ADD CONSTRAINT "FK_CP_METODO" FOREIGN KEY ("ID_METODO")
	  REFERENCES "GUSTAVO_ALVA"."METODOS_PAGO" ("ID_METODO_PAGO") ENABLE;
--------------------------------------------------------
--  Ref Constraints for Table INSUMOS
--------------------------------------------------------

  ALTER TABLE "GUSTAVO_ALVA"."INSUMOS" ADD CONSTRAINT "FK_INSUMO_PROVEEDOR" FOREIGN KEY ("PROVEEDOR_ID")
	  REFERENCES "GUSTAVO_ALVA"."PROVEEDORES" ("PROVEEDOR_ID") ENABLE;
--------------------------------------------------------
--  Ref Constraints for Table MERMAS
--------------------------------------------------------

  ALTER TABLE "GUSTAVO_ALVA"."MERMAS" ADD CONSTRAINT "FK_MERMA_INSUMO" FOREIGN KEY ("INSUMO_ID")
	  REFERENCES "GUSTAVO_ALVA"."INSUMOS" ("INSUMO_ID") ENABLE;
  ALTER TABLE "GUSTAVO_ALVA"."MERMAS" ADD CONSTRAINT "FK_MERMA_EMP" FOREIGN KEY ("EMPLEADO_ID")
	  REFERENCES "GUSTAVO_ALVA"."EMPLEADOS" ("EMPLEADO_ID") ENABLE;
--------------------------------------------------------
--  Ref Constraints for Table PLATOS_MENU
--------------------------------------------------------

  ALTER TABLE "GUSTAVO_ALVA"."PLATOS_MENU" ADD CONSTRAINT "FK_PLATO_CAT" FOREIGN KEY ("CATEGORIA_ID")
	  REFERENCES "GUSTAVO_ALVA"."CATEGORIAS_MENU" ("CATEGORIA_ID") ENABLE;
--------------------------------------------------------
--  Ref Constraints for Table RECETAS_ESCANDALLO
--------------------------------------------------------

  ALTER TABLE "GUSTAVO_ALVA"."RECETAS_ESCANDALLO" ADD CONSTRAINT "FK_RECETA_PLATO" FOREIGN KEY ("PLATO_ID")
	  REFERENCES "GUSTAVO_ALVA"."PLATOS_MENU" ("PLATO_ID") ENABLE;
  ALTER TABLE "GUSTAVO_ALVA"."RECETAS_ESCANDALLO" ADD CONSTRAINT "FK_RECETA_INSUMO" FOREIGN KEY ("INSUMO_ID")
	  REFERENCES "GUSTAVO_ALVA"."INSUMOS" ("INSUMO_ID") ENABLE;
--------------------------------------------------------
--  Ref Constraints for Table USUARIOS
--------------------------------------------------------

  ALTER TABLE "GUSTAVO_ALVA"."USUARIOS" ADD CONSTRAINT "FK_USUARIO_EMPLEADO" FOREIGN KEY ("EMPLEADO_ID")
	  REFERENCES "GUSTAVO_ALVA"."EMPLEADOS" ("EMPLEADO_ID") ENABLE;
  ALTER TABLE "GUSTAVO_ALVA"."USUARIOS" ADD CONSTRAINT "FK_USUARIO_ROL" FOREIGN KEY ("ROL_ID")
	  REFERENCES "GUSTAVO_ALVA"."ROLES" ("ROL_ID") ENABLE;
--------------------------------------------------------
--  Ref Constraints for Table VENTAS_CABECERA
--------------------------------------------------------

  ALTER TABLE "GUSTAVO_ALVA"."VENTAS_CABECERA" ADD CONSTRAINT "FK_VENTA_MESA" FOREIGN KEY ("MESA_ID")
	  REFERENCES "GUSTAVO_ALVA"."MESAS" ("MESA_ID") ENABLE;
  ALTER TABLE "GUSTAVO_ALVA"."VENTAS_CABECERA" ADD CONSTRAINT "FK_VENTA_EMP" FOREIGN KEY ("EMPLEADO_ID")
	  REFERENCES "GUSTAVO_ALVA"."EMPLEADOS" ("EMPLEADO_ID") ENABLE;
  ALTER TABLE "GUSTAVO_ALVA"."VENTAS_CABECERA" ADD CONSTRAINT "FK_VENTA_CLI" FOREIGN KEY ("CLIENTE_ID")
	  REFERENCES "GUSTAVO_ALVA"."CLIENTES" ("CLIENTE_ID") ENABLE;
  ALTER TABLE "GUSTAVO_ALVA"."VENTAS_CABECERA" ADD CONSTRAINT "FK_VENTA_CAJA_DIARIA" FOREIGN KEY ("CAJA_ID")
	  REFERENCES "GUSTAVO_ALVA"."CAJA_DIARIA" ("CAJA_ID") ENABLE;
--------------------------------------------------------
--  Ref Constraints for Table VENTAS_DETALLE
--------------------------------------------------------

  ALTER TABLE "GUSTAVO_ALVA"."VENTAS_DETALLE" ADD CONSTRAINT "FK_DET_VENTA" FOREIGN KEY ("VENTA_ID")
	  REFERENCES "GUSTAVO_ALVA"."VENTAS_CABECERA" ("VENTA_ID") ENABLE;
  ALTER TABLE "GUSTAVO_ALVA"."VENTAS_DETALLE" ADD CONSTRAINT "FK_DET_PLATO" FOREIGN KEY ("PLATO_ID")
	  REFERENCES "GUSTAVO_ALVA"."PLATOS_MENU" ("PLATO_ID") ENABLE;
