--------------------------------------------------------
-- Archivo creado  - jueves-mayo-21-2026   
--------------------------------------------------------
--------------------------------------------------------
--  DDL for Sequence SEQ_USUARIOS
--------------------------------------------------------

   CREATE SEQUENCE  "GUSTAVO_ALVA"."SEQ_USUARIOS"  MINVALUE 1 MAXVALUE 9999999999999999999999999999 INCREMENT BY 1 START WITH 41 CACHE 20 NOORDER  NOCYCLE  NOKEEP  NOSCALE  GLOBAL ;
--------------------------------------------------------
--  DDL for Table ASISTENCIA_TURNOS
--------------------------------------------------------

  CREATE TABLE "GUSTAVO_ALVA"."ASISTENCIA_TURNOS" 
   (	"ASISTENCIA_ID" NUMBER GENERATED ALWAYS AS IDENTITY MINVALUE 1 MAXVALUE 9999999999999999999999999999 INCREMENT BY 1 START WITH 1 CACHE 20 NOORDER  NOCYCLE  NOKEEP  NOSCALE , 
	"EMPLEADO_ID" NUMBER, 
	"FECHA" DATE DEFAULT CURRENT_DATE, 
	"HORA_ENTRADA" TIMESTAMP (6), 
	"HORA_SALIDA" TIMESTAMP (6)
   ) SEGMENT CREATION DEFERRED 
  PCTFREE 10 PCTUSED 40 INITRANS 1 MAXTRANS 255 
 NOCOMPRESS LOGGING
  TABLESPACE "USERS" ;
--------------------------------------------------------
--  DDL for Table CAJA_DIARIA
--------------------------------------------------------

  CREATE TABLE "GUSTAVO_ALVA"."CAJA_DIARIA" 
   (	"CAJA_ID" NUMBER GENERATED ALWAYS AS IDENTITY MINVALUE 1 MAXVALUE 9999999999999999999999999999 INCREMENT BY 1 START WITH 1 CACHE 20 NOORDER  NOCYCLE  NOKEEP  NOSCALE , 
	"EMPLEADO_ID" NUMBER, 
	"FECHA_APERTURA" TIMESTAMP (6) DEFAULT CURRENT_TIMESTAMP, 
	"MONTO_INICIAL" NUMBER(10,2), 
	"MONTO_FINAL_ARQUEO" NUMBER(10,2), 
	"ESTADO_CAJA" VARCHAR2(20 BYTE) DEFAULT 'Abierta', 
	"FECHA_CIERRE" TIMESTAMP (6), 
	"DIFERENCIA" NUMBER(10,2)
   ) SEGMENT CREATION IMMEDIATE 
  PCTFREE 10 PCTUSED 40 INITRANS 1 MAXTRANS 255 
 NOCOMPRESS LOGGING
  STORAGE(INITIAL 65536 NEXT 1048576 MINEXTENTS 1 MAXEXTENTS 2147483645
  PCTINCREASE 0 FREELISTS 1 FREELIST GROUPS 1
  BUFFER_POOL DEFAULT FLASH_CACHE DEFAULT CELL_FLASH_CACHE DEFAULT)
  TABLESPACE "USERS" ;
--------------------------------------------------------
--  DDL for Table CATEGORIAS_MENU
--------------------------------------------------------

  CREATE TABLE "GUSTAVO_ALVA"."CATEGORIAS_MENU" 
   (	"CATEGORIA_ID" NUMBER GENERATED ALWAYS AS IDENTITY MINVALUE 1 MAXVALUE 9999999999999999999999999999 INCREMENT BY 1 START WITH 1 CACHE 20 NOORDER  NOCYCLE  NOKEEP  NOSCALE , 
	"NOMBRE_CATEGORIA" VARCHAR2(50 BYTE)
   ) SEGMENT CREATION IMMEDIATE 
  PCTFREE 10 PCTUSED 40 INITRANS 1 MAXTRANS 255 
 NOCOMPRESS LOGGING
  STORAGE(INITIAL 65536 NEXT 1048576 MINEXTENTS 1 MAXEXTENTS 2147483645
  PCTINCREASE 0 FREELISTS 1 FREELIST GROUPS 1
  BUFFER_POOL DEFAULT FLASH_CACHE DEFAULT CELL_FLASH_CACHE DEFAULT)
  TABLESPACE "USERS" ;
--------------------------------------------------------
--  DDL for Table CLIENTES
--------------------------------------------------------

  CREATE TABLE "GUSTAVO_ALVA"."CLIENTES" 
   (	"CLIENTE_ID" NUMBER GENERATED ALWAYS AS IDENTITY MINVALUE 1 MAXVALUE 9999999999999999999999999999 INCREMENT BY 1 START WITH 1 CACHE 20 NOORDER  NOCYCLE  NOKEEP  NOSCALE , 
	"TIPO_CLIENTE" VARCHAR2(20 BYTE) DEFAULT 'PERSONA', 
	"NOMBRE" VARCHAR2(150 BYTE), 
	"DNI" VARCHAR2(11 BYTE), 
	"TELEFONO" VARCHAR2(20 BYTE), 
	"EMAIL" VARCHAR2(100 BYTE), 
	"DIRECCION" VARCHAR2(200 BYTE), 
	"PUNTOS_FIDELIDAD" NUMBER DEFAULT 0, 
	"FECHA_REGISTRO" DATE DEFAULT CURRENT_DATE, 
	"APELLIDO" VARCHAR2(100 BYTE), 
	"ESTADO" VARCHAR2(20 BYTE) DEFAULT 'ACTIVO'
   ) SEGMENT CREATION IMMEDIATE 
  PCTFREE 10 PCTUSED 40 INITRANS 1 MAXTRANS 255 
 NOCOMPRESS LOGGING
  STORAGE(INITIAL 65536 NEXT 1048576 MINEXTENTS 1 MAXEXTENTS 2147483645
  PCTINCREASE 0 FREELISTS 1 FREELIST GROUPS 1
  BUFFER_POOL DEFAULT FLASH_CACHE DEFAULT CELL_FLASH_CACHE DEFAULT)
  TABLESPACE "USERS" ;
--------------------------------------------------------
--  DDL for Table COMPROBANTES_PAGO
--------------------------------------------------------

  CREATE TABLE "GUSTAVO_ALVA"."COMPROBANTES_PAGO" 
   (	"COMPROBANTE_ID" NUMBER GENERATED ALWAYS AS IDENTITY MINVALUE 1 MAXVALUE 9999999999999999999999999999 INCREMENT BY 1 START WITH 1 CACHE 20 NOORDER  NOCYCLE  NOKEEP  NOSCALE , 
	"VENTA_ID" NUMBER, 
	"TIPO_COMPROBANTE" VARCHAR2(20 BYTE), 
	"SERIE_NUMERO" VARCHAR2(20 BYTE), 
	"FECHA_EMISION" TIMESTAMP (6) DEFAULT CURRENT_TIMESTAMP, 
	"ESTADO" VARCHAR2(20 BYTE) DEFAULT 'Emitido', 
	"ID_METODO" NUMBER
   ) SEGMENT CREATION IMMEDIATE 
  PCTFREE 10 PCTUSED 40 INITRANS 1 MAXTRANS 255 
 NOCOMPRESS LOGGING
  STORAGE(INITIAL 65536 NEXT 1048576 MINEXTENTS 1 MAXEXTENTS 2147483645
  PCTINCREASE 0 FREELISTS 1 FREELIST GROUPS 1
  BUFFER_POOL DEFAULT FLASH_CACHE DEFAULT CELL_FLASH_CACHE DEFAULT)
  TABLESPACE "USERS" ;
--------------------------------------------------------
--  DDL for Table EMPLEADOS
--------------------------------------------------------

  CREATE TABLE "GUSTAVO_ALVA"."EMPLEADOS" 
   (	"EMPLEADO_ID" NUMBER GENERATED ALWAYS AS IDENTITY MINVALUE 1 MAXVALUE 9999999999999999999999999999 INCREMENT BY 1 START WITH 1 CACHE 20 NOORDER  NOCYCLE  NOKEEP  NOSCALE , 
	"ROL_ID" NUMBER, 
	"NOMBRE" VARCHAR2(100 BYTE), 
	"DNI" CHAR(8 BYTE), 
	"ESTADO" VARCHAR2(20 BYTE) DEFAULT 'Activo', 
	"TELEFONO" VARCHAR2(20 BYTE), 
	"EMAIL" VARCHAR2(100 BYTE), 
	"FECHA_CONTRATACION" DATE DEFAULT CURRENT_DATE, 
	"APELLIDO" VARCHAR2(100 BYTE)
   ) SEGMENT CREATION IMMEDIATE 
  PCTFREE 10 PCTUSED 40 INITRANS 1 MAXTRANS 255 
 NOCOMPRESS LOGGING
  STORAGE(INITIAL 65536 NEXT 1048576 MINEXTENTS 1 MAXEXTENTS 2147483645
  PCTINCREASE 0 FREELISTS 1 FREELIST GROUPS 1
  BUFFER_POOL DEFAULT FLASH_CACHE DEFAULT CELL_FLASH_CACHE DEFAULT)
  TABLESPACE "USERS" ;
--------------------------------------------------------
--  DDL for Table INSUMOS
--------------------------------------------------------

  CREATE TABLE "GUSTAVO_ALVA"."INSUMOS" 
   (	"INSUMO_ID" NUMBER GENERATED ALWAYS AS IDENTITY MINVALUE 1 MAXVALUE 9999999999999999999999999999 INCREMENT BY 1 START WITH 1 CACHE 20 NOORDER  NOCYCLE  NOKEEP  NOSCALE , 
	"NOMBRE_INSUMO" VARCHAR2(100 BYTE), 
	"UNIDAD_MEDIDA" VARCHAR2(20 BYTE), 
	"STOCK_MINIMO_ALERTA" NUMBER(10,2) DEFAULT 0, 
	"PROVEEDOR_ID" NUMBER, 
	"COSTO" NUMBER(10,2), 
	"STOCK" NUMBER
   ) SEGMENT CREATION IMMEDIATE 
  PCTFREE 10 PCTUSED 40 INITRANS 1 MAXTRANS 255 
 NOCOMPRESS LOGGING
  STORAGE(INITIAL 65536 NEXT 1048576 MINEXTENTS 1 MAXEXTENTS 2147483645
  PCTINCREASE 0 FREELISTS 1 FREELIST GROUPS 1
  BUFFER_POOL DEFAULT FLASH_CACHE DEFAULT CELL_FLASH_CACHE DEFAULT)
  TABLESPACE "USERS" ;
--------------------------------------------------------
--  DDL for Table MERMAS
--------------------------------------------------------

  CREATE TABLE "GUSTAVO_ALVA"."MERMAS" 
   (	"MERMA_ID" NUMBER GENERATED ALWAYS AS IDENTITY MINVALUE 1 MAXVALUE 9999999999999999999999999999 INCREMENT BY 1 START WITH 1 CACHE 20 NOORDER  NOCYCLE  NOKEEP  NOSCALE , 
	"INSUMO_ID" NUMBER, 
	"EMPLEADO_ID" NUMBER, 
	"CANTIDAD" NUMBER(10,2), 
	"MOTIVO" CLOB, 
	"FECHA_REGISTRO" TIMESTAMP (6) DEFAULT CURRENT_TIMESTAMP
   ) SEGMENT CREATION IMMEDIATE 
  PCTFREE 10 PCTUSED 40 INITRANS 1 MAXTRANS 255 
 NOCOMPRESS LOGGING
  STORAGE(INITIAL 65536 NEXT 1048576 MINEXTENTS 1 MAXEXTENTS 2147483645
  PCTINCREASE 0 FREELISTS 1 FREELIST GROUPS 1
  BUFFER_POOL DEFAULT FLASH_CACHE DEFAULT CELL_FLASH_CACHE DEFAULT)
  TABLESPACE "USERS" 
 LOB ("MOTIVO") STORE AS SECUREFILE (
  TABLESPACE "USERS" ENABLE STORAGE IN ROW 4000 CHUNK 8192
  NOCACHE LOGGING  NOCOMPRESS  KEEP_DUPLICATES 
  STORAGE(INITIAL 262144 NEXT 1048576 MINEXTENTS 1 MAXEXTENTS 2147483645
  PCTINCREASE 0
  BUFFER_POOL DEFAULT FLASH_CACHE DEFAULT CELL_FLASH_CACHE DEFAULT)) ;
--------------------------------------------------------
--  DDL for Table MESAS
--------------------------------------------------------

  CREATE TABLE "GUSTAVO_ALVA"."MESAS" 
   (	"MESA_ID" NUMBER GENERATED ALWAYS AS IDENTITY MINVALUE 1 MAXVALUE 9999999999999999999999999999 INCREMENT BY 1 START WITH 1 CACHE 20 NOORDER  NOCYCLE  NOKEEP  NOSCALE , 
	"NUMERO_MESA" NUMBER, 
	"CAPACIDAD" NUMBER, 
	"ESTADO_MESA" VARCHAR2(20 BYTE) DEFAULT 'Libre'
   ) SEGMENT CREATION IMMEDIATE 
  PCTFREE 10 PCTUSED 40 INITRANS 1 MAXTRANS 255 
 NOCOMPRESS LOGGING
  STORAGE(INITIAL 65536 NEXT 1048576 MINEXTENTS 1 MAXEXTENTS 2147483645
  PCTINCREASE 0 FREELISTS 1 FREELIST GROUPS 1
  BUFFER_POOL DEFAULT FLASH_CACHE DEFAULT CELL_FLASH_CACHE DEFAULT)
  TABLESPACE "USERS" ;
--------------------------------------------------------
--  DDL for Table METODOS_PAGO
--------------------------------------------------------

  CREATE TABLE "GUSTAVO_ALVA"."METODOS_PAGO" 
   (	"ID_METODO_PAGO" NUMBER, 
	"NOMBRE" VARCHAR2(50 BYTE)
   ) SEGMENT CREATION IMMEDIATE 
  PCTFREE 10 PCTUSED 40 INITRANS 1 MAXTRANS 255 
 NOCOMPRESS LOGGING
  STORAGE(INITIAL 65536 NEXT 1048576 MINEXTENTS 1 MAXEXTENTS 2147483645
  PCTINCREASE 0 FREELISTS 1 FREELIST GROUPS 1
  BUFFER_POOL DEFAULT FLASH_CACHE DEFAULT CELL_FLASH_CACHE DEFAULT)
  TABLESPACE "USERS" ;
--------------------------------------------------------
--  DDL for Table PLATOS_MENU
--------------------------------------------------------

  CREATE TABLE "GUSTAVO_ALVA"."PLATOS_MENU" 
   (	"PLATO_ID" NUMBER GENERATED ALWAYS AS IDENTITY MINVALUE 1 MAXVALUE 9999999999999999999999999999 INCREMENT BY 1 START WITH 1 CACHE 20 NOORDER  NOCYCLE  NOKEEP  NOSCALE , 
	"CATEGORIA_ID" NUMBER, 
	"NOMBRE_PLATO" VARCHAR2(100 BYTE), 
	"PRECIO_VENTA" NUMBER(10,2), 
	"DISPONIBLE" NUMBER(1,0) DEFAULT 1, 
	"IMAGEN" VARCHAR2(255 BYTE)
   ) SEGMENT CREATION IMMEDIATE 
  PCTFREE 10 PCTUSED 40 INITRANS 1 MAXTRANS 255 
 NOCOMPRESS LOGGING
  STORAGE(INITIAL 65536 NEXT 1048576 MINEXTENTS 1 MAXEXTENTS 2147483645
  PCTINCREASE 0 FREELISTS 1 FREELIST GROUPS 1
  BUFFER_POOL DEFAULT FLASH_CACHE DEFAULT CELL_FLASH_CACHE DEFAULT)
  TABLESPACE "USERS" ;
--------------------------------------------------------
--  DDL for Table PROVEEDORES
--------------------------------------------------------

  CREATE TABLE "GUSTAVO_ALVA"."PROVEEDORES" 
   (	"PROVEEDOR_ID" NUMBER GENERATED ALWAYS AS IDENTITY MINVALUE 1 MAXVALUE 9999999999999999999999999999 INCREMENT BY 1 START WITH 1 CACHE 20 NOORDER  NOCYCLE  NOKEEP  NOSCALE , 
	"RUC" CHAR(11 BYTE), 
	"NOMBRE_EMPRESA" VARCHAR2(150 BYTE), 
	"CONTACTO_NOMBRE" VARCHAR2(100 BYTE), 
	"TELEFONO" VARCHAR2(20 BYTE), 
	"EMAIL" VARCHAR2(100 BYTE), 
	"DIRECCION" VARCHAR2(200 BYTE), 
	"CODIGO" VARCHAR2(30 BYTE), 
	"TIPO_INSUMO" VARCHAR2(100 BYTE), 
	"REGION" VARCHAR2(100 BYTE), 
	"CUMPLIMIENTO" NUMBER(3,0), 
	"ACTIVO" NUMBER(1,0)
   ) SEGMENT CREATION IMMEDIATE 
  PCTFREE 10 PCTUSED 40 INITRANS 1 MAXTRANS 255 
 NOCOMPRESS LOGGING
  STORAGE(INITIAL 65536 NEXT 1048576 MINEXTENTS 1 MAXEXTENTS 2147483645
  PCTINCREASE 0 FREELISTS 1 FREELIST GROUPS 1
  BUFFER_POOL DEFAULT FLASH_CACHE DEFAULT CELL_FLASH_CACHE DEFAULT)
  TABLESPACE "USERS" ;
--------------------------------------------------------
--  DDL for Table RECETAS_ESCANDALLO
--------------------------------------------------------

  CREATE TABLE "GUSTAVO_ALVA"."RECETAS_ESCANDALLO" 
   (	"RECETA_ID" NUMBER GENERATED ALWAYS AS IDENTITY MINVALUE 1 MAXVALUE 9999999999999999999999999999 INCREMENT BY 1 START WITH 1 CACHE 20 NOORDER  NOCYCLE  NOKEEP  NOSCALE , 
	"PLATO_ID" NUMBER, 
	"INSUMO_ID" NUMBER, 
	"CANTIDAD_REQUERIDA" NUMBER(10,2)
   ) SEGMENT CREATION IMMEDIATE 
  PCTFREE 10 PCTUSED 40 INITRANS 1 MAXTRANS 255 
 NOCOMPRESS LOGGING
  STORAGE(INITIAL 65536 NEXT 1048576 MINEXTENTS 1 MAXEXTENTS 2147483645
  PCTINCREASE 0 FREELISTS 1 FREELIST GROUPS 1
  BUFFER_POOL DEFAULT FLASH_CACHE DEFAULT CELL_FLASH_CACHE DEFAULT)
  TABLESPACE "USERS" ;
--------------------------------------------------------
--  DDL for Table ROLES
--------------------------------------------------------

  CREATE TABLE "GUSTAVO_ALVA"."ROLES" 
   (	"ROL_ID" NUMBER GENERATED ALWAYS AS IDENTITY MINVALUE 1 MAXVALUE 9999999999999999999999999999 INCREMENT BY 1 START WITH 1 CACHE 20 NOORDER  NOCYCLE  NOKEEP  NOSCALE , 
	"NOMBRE_ROL" VARCHAR2(50 BYTE), 
	"DESCRIPCION" VARCHAR2(100 BYTE)
   ) SEGMENT CREATION IMMEDIATE 
  PCTFREE 10 PCTUSED 40 INITRANS 1 MAXTRANS 255 
 NOCOMPRESS LOGGING
  STORAGE(INITIAL 65536 NEXT 1048576 MINEXTENTS 1 MAXEXTENTS 2147483645
  PCTINCREASE 0 FREELISTS 1 FREELIST GROUPS 1
  BUFFER_POOL DEFAULT FLASH_CACHE DEFAULT CELL_FLASH_CACHE DEFAULT)
  TABLESPACE "USERS" ;
--------------------------------------------------------
--  DDL for Table USUARIOS
--------------------------------------------------------

  CREATE TABLE "GUSTAVO_ALVA"."USUARIOS" 
   (	"USUARIO_ID" NUMBER DEFAULT "GUSTAVO_ALVA"."SEQ_USUARIOS"."NEXTVAL", 
	"USERNAME" VARCHAR2(50 BYTE), 
	"PASSWORD_HASH" VARCHAR2(255 BYTE), 
	"ESTADO" VARCHAR2(20 BYTE) DEFAULT 'ACTIVO', 
	"EMPLEADO_ID" NUMBER, 
	"ROL_ID" NUMBER
   ) SEGMENT CREATION IMMEDIATE 
  PCTFREE 10 PCTUSED 40 INITRANS 1 MAXTRANS 255 
 NOCOMPRESS LOGGING
  STORAGE(INITIAL 65536 NEXT 1048576 MINEXTENTS 1 MAXEXTENTS 2147483645
  PCTINCREASE 0 FREELISTS 1 FREELIST GROUPS 1
  BUFFER_POOL DEFAULT FLASH_CACHE DEFAULT CELL_FLASH_CACHE DEFAULT)
  TABLESPACE "USERS" ;
--------------------------------------------------------
--  DDL for Table VENTAS_CABECERA
--------------------------------------------------------

  CREATE TABLE "GUSTAVO_ALVA"."VENTAS_CABECERA" 
   (	"VENTA_ID" NUMBER GENERATED ALWAYS AS IDENTITY MINVALUE 1 MAXVALUE 9999999999999999999999999999 INCREMENT BY 1 START WITH 1 CACHE 20 NOORDER  NOCYCLE  NOKEEP  NOSCALE , 
	"MESA_ID" NUMBER, 
	"EMPLEADO_ID" NUMBER, 
	"CLIENTE_ID" NUMBER, 
	"FECHA_HORA" DATE DEFAULT CURRENT_TIMESTAMP, 
	"SUBTOTAL" NUMBER(10,2), 
	"IGV" NUMBER(10,2), 
	"TOTAL" NUMBER(10,2), 
	"ESTADO_PAGO" VARCHAR2(20 BYTE) DEFAULT 'Pendiente', 
	"DESCUENTO" NUMBER(10,2) DEFAULT 0, 
	"CAJA_ID" NUMBER
   ) SEGMENT CREATION IMMEDIATE 
  PCTFREE 10 PCTUSED 40 INITRANS 1 MAXTRANS 255 
 NOCOMPRESS LOGGING
  STORAGE(INITIAL 65536 NEXT 1048576 MINEXTENTS 1 MAXEXTENTS 2147483645
  PCTINCREASE 0 FREELISTS 1 FREELIST GROUPS 1
  BUFFER_POOL DEFAULT FLASH_CACHE DEFAULT CELL_FLASH_CACHE DEFAULT)
  TABLESPACE "USERS" ;
--------------------------------------------------------
--  DDL for Table VENTAS_DETALLE
--------------------------------------------------------

  CREATE TABLE "GUSTAVO_ALVA"."VENTAS_DETALLE" 
   (	"DETALLE_ID" NUMBER GENERATED ALWAYS AS IDENTITY MINVALUE 1 MAXVALUE 9999999999999999999999999999 INCREMENT BY 1 START WITH 1 CACHE 20 NOORDER  NOCYCLE  NOKEEP  NOSCALE , 
	"VENTA_ID" NUMBER, 
	"PLATO_ID" NUMBER, 
	"CANTIDAD" NUMBER, 
	"PRECIO_UNITARIO_VENTA" NUMBER(10,2), 
	"COMENTARIO_COCINA" CLOB, 
	"SUBTOTAL" NUMBER(10,2)
   ) SEGMENT CREATION IMMEDIATE 
  PCTFREE 10 PCTUSED 40 INITRANS 1 MAXTRANS 255 
 NOCOMPRESS LOGGING
  STORAGE(INITIAL 65536 NEXT 1048576 MINEXTENTS 1 MAXEXTENTS 2147483645
  PCTINCREASE 0 FREELISTS 1 FREELIST GROUPS 1
  BUFFER_POOL DEFAULT FLASH_CACHE DEFAULT CELL_FLASH_CACHE DEFAULT)
  TABLESPACE "USERS" 
 LOB ("COMENTARIO_COCINA") STORE AS SECUREFILE (
  TABLESPACE "USERS" ENABLE STORAGE IN ROW 4000 CHUNK 8192
  NOCACHE LOGGING  NOCOMPRESS  KEEP_DUPLICATES 
  STORAGE(INITIAL 262144 NEXT 1048576 MINEXTENTS 1 MAXEXTENTS 2147483645
  PCTINCREASE 0
  BUFFER_POOL DEFAULT FLASH_CACHE DEFAULT CELL_FLASH_CACHE DEFAULT)) ;
REM INSERTING into GUSTAVO_ALVA.ASISTENCIA_TURNOS
SET DEFINE OFF;
REM INSERTING into GUSTAVO_ALVA.CAJA_DIARIA
SET DEFINE OFF;
Insert into GUSTAVO_ALVA.CAJA_DIARIA (CAJA_ID,EMPLEADO_ID,FECHA_APERTURA,MONTO_INICIAL,MONTO_FINAL_ARQUEO,ESTADO_CAJA,FECHA_CIERRE,DIFERENCIA) values (1,1,to_timestamp('02/05/26 23:47:06.000000000','DD/MM/RR HH24:MI:SSXFF'),1000,null,'CERRADO',null,null);
Insert into GUSTAVO_ALVA.CAJA_DIARIA (CAJA_ID,EMPLEADO_ID,FECHA_APERTURA,MONTO_INICIAL,MONTO_FINAL_ARQUEO,ESTADO_CAJA,FECHA_CIERRE,DIFERENCIA) values (2,24,to_timestamp('03/05/26 00:14:47.000000000','DD/MM/RR HH24:MI:SSXFF'),1000,null,'ABIERTA',null,null);
Insert into GUSTAVO_ALVA.CAJA_DIARIA (CAJA_ID,EMPLEADO_ID,FECHA_APERTURA,MONTO_INICIAL,MONTO_FINAL_ARQUEO,ESTADO_CAJA,FECHA_CIERRE,DIFERENCIA) values (3,24,to_timestamp('03/05/26 00:16:48.000000000','DD/MM/RR HH24:MI:SSXFF'),1000,null,'ABIERTA',null,null);
Insert into GUSTAVO_ALVA.CAJA_DIARIA (CAJA_ID,EMPLEADO_ID,FECHA_APERTURA,MONTO_INICIAL,MONTO_FINAL_ARQUEO,ESTADO_CAJA,FECHA_CIERRE,DIFERENCIA) values (4,24,to_timestamp('03/05/26 00:17:21.000000000','DD/MM/RR HH24:MI:SSXFF'),1000,null,'ABIERTA',null,null);
Insert into GUSTAVO_ALVA.CAJA_DIARIA (CAJA_ID,EMPLEADO_ID,FECHA_APERTURA,MONTO_INICIAL,MONTO_FINAL_ARQUEO,ESTADO_CAJA,FECHA_CIERRE,DIFERENCIA) values (5,24,to_timestamp('03/05/26 00:18:21.000000000','DD/MM/RR HH24:MI:SSXFF'),1000,null,'ABIERTA',null,null);
Insert into GUSTAVO_ALVA.CAJA_DIARIA (CAJA_ID,EMPLEADO_ID,FECHA_APERTURA,MONTO_INICIAL,MONTO_FINAL_ARQUEO,ESTADO_CAJA,FECHA_CIERRE,DIFERENCIA) values (6,24,to_timestamp('03/05/26 00:20:55.000000000','DD/MM/RR HH24:MI:SSXFF'),1000,null,'ABIERTA',null,null);
Insert into GUSTAVO_ALVA.CAJA_DIARIA (CAJA_ID,EMPLEADO_ID,FECHA_APERTURA,MONTO_INICIAL,MONTO_FINAL_ARQUEO,ESTADO_CAJA,FECHA_CIERRE,DIFERENCIA) values (7,1,to_timestamp('03/05/26 00:20:55.000000000','DD/MM/RR HH24:MI:SSXFF'),1000,null,'ABIERTA',null,null);
REM INSERTING into GUSTAVO_ALVA.CATEGORIAS_MENU
SET DEFINE OFF;
Insert into GUSTAVO_ALVA.CATEGORIAS_MENU (CATEGORIA_ID,NOMBRE_CATEGORIA) values (1,'Entradas');
Insert into GUSTAVO_ALVA.CATEGORIAS_MENU (CATEGORIA_ID,NOMBRE_CATEGORIA) values (2,'Platos principales');
REM INSERTING into GUSTAVO_ALVA.CLIENTES
SET DEFINE OFF;
Insert into GUSTAVO_ALVA.CLIENTES (CLIENTE_ID,TIPO_CLIENTE,NOMBRE,DNI,TELEFONO,EMAIL,DIRECCION,PUNTOS_FIDELIDAD,FECHA_REGISTRO,APELLIDO,ESTADO) values (22,'NATURAL','TUPUTAMADRE','78945623','987654321','tuputamdare@gmail.com',null,0,to_date('07/05/26','DD/MM/RR'),'TUPUTISIMAMADRE','ELIMINADO');
Insert into GUSTAVO_ALVA.CLIENTES (CLIENTE_ID,TIPO_CLIENTE,NOMBRE,DNI,TELEFONO,EMAIL,DIRECCION,PUNTOS_FIDELIDAD,FECHA_REGISTRO,APELLIDO,ESTADO) values (41,'NATURAL','ADAN','45612378','888777666','adan@gmail.com',null,0,to_date('10/05/26','DD/MM/RR'),'AVILA POLO','ACTIVO');
Insert into GUSTAVO_ALVA.CLIENTES (CLIENTE_ID,TIPO_CLIENTE,NOMBRE,DNI,TELEFONO,EMAIL,DIRECCION,PUNTOS_FIDELIDAD,FECHA_REGISTRO,APELLIDO,ESTADO) values (42,'NATURAL','EMIR','42344324','432187659','emi@gmail.com',null,0,to_date('11/05/26','DD/MM/RR'),'PEREZ BERMEJO','ACTIVO');
Insert into GUSTAVO_ALVA.CLIENTES (CLIENTE_ID,TIPO_CLIENTE,NOMBRE,DNI,TELEFONO,EMAIL,DIRECCION,PUNTOS_FIDELIDAD,FECHA_REGISTRO,APELLIDO,ESTADO) values (44,'NATURAL','MARLON','90408084','98765421','marlon@gmail.com',null,0,to_date('11/05/26','DD/MM/RR'),'ALVA BOBADILLA','ACTIVO');
Insert into GUSTAVO_ALVA.CLIENTES (CLIENTE_ID,TIPO_CLIENTE,NOMBRE,DNI,TELEFONO,EMAIL,DIRECCION,PUNTOS_FIDELIDAD,FECHA_REGISTRO,APELLIDO,ESTADO) values (43,'NATURAL','RENATO','66666666','777888999','renato@gmail.com',null,0,to_date('11/05/26','DD/MM/RR'),'BECERRA VASQUEZ','ACTIVO');
Insert into GUSTAVO_ALVA.CLIENTES (CLIENTE_ID,TIPO_CLIENTE,NOMBRE,DNI,TELEFONO,EMAIL,DIRECCION,PUNTOS_FIDELIDAD,FECHA_REGISTRO,APELLIDO,ESTADO) values (23,'NATURAL','BAYLOON','00000000','048765123','juan@gmail.com','DXDXDDXX',0,to_date('09/05/26','DD/MM/RR'),'CARRANZA PEREZ','ACTIVO');
Insert into GUSTAVO_ALVA.CLIENTES (CLIENTE_ID,TIPO_CLIENTE,NOMBRE,DNI,TELEFONO,EMAIL,DIRECCION,PUNTOS_FIDELIDAD,FECHA_REGISTRO,APELLIDO,ESTADO) values (24,'NATURAL','ELIAS','23456789','123456789','elias@gmail.com','wuwuuw',0,to_date('09/05/26','DD/MM/RR'),'MENDEZ CRUZ','ACTIVO');
Insert into GUSTAVO_ALVA.CLIENTES (CLIENTE_ID,TIPO_CLIENTE,NOMBRE,DNI,TELEFONO,EMAIL,DIRECCION,PUNTOS_FIDELIDAD,FECHA_REGISTRO,APELLIDO,ESTADO) values (25,'NATURAL','GUSTAVO','12121212','432523123','jose123@gmail.com',null,0,to_date('09/05/26','DD/MM/RR'),'PAOLO','ACTIVO');
Insert into GUSTAVO_ALVA.CLIENTES (CLIENTE_ID,TIPO_CLIENTE,NOMBRE,DNI,TELEFONO,EMAIL,DIRECCION,PUNTOS_FIDELIDAD,FECHA_REGISTRO,APELLIDO,ESTADO) values (1,'Regular','Juan','-12345678','987654321','juan@gmail.com','Av. Perú 123',10,to_date('30/04/26','DD/MM/RR'),'Pérez','ELIMINADO');
Insert into GUSTAVO_ALVA.CLIENTES (CLIENTE_ID,TIPO_CLIENTE,NOMBRE,DNI,TELEFONO,EMAIL,DIRECCION,PUNTOS_FIDELIDAD,FECHA_REGISTRO,APELLIDO,ESTADO) values (2,'Premium','María','1','987654322','maria@gmail.com','Jr. Unión 456',50,to_date('30/04/26','DD/MM/RR'),'Gómez','ELIMINADO');
REM INSERTING into GUSTAVO_ALVA.COMPROBANTES_PAGO
SET DEFINE OFF;
Insert into GUSTAVO_ALVA.COMPROBANTES_PAGO (COMPROBANTE_ID,VENTA_ID,TIPO_COMPROBANTE,SERIE_NUMERO,FECHA_EMISION,ESTADO,ID_METODO) values (22,18,'FACTURA','xddxxddx',to_timestamp('02/05/26 22:09:01.116000000','DD/MM/RR HH24:MI:SSXFF'),'PAGADO',1);
Insert into GUSTAVO_ALVA.COMPROBANTES_PAGO (COMPROBANTE_ID,VENTA_ID,TIPO_COMPROBANTE,SERIE_NUMERO,FECHA_EMISION,ESTADO,ID_METODO) values (23,18,'BOLETA','eoo',to_timestamp('02/05/26 22:09:01.116000000','DD/MM/RR HH24:MI:SSXFF'),'PAGADO',2);
Insert into GUSTAVO_ALVA.COMPROBANTES_PAGO (COMPROBANTE_ID,VENTA_ID,TIPO_COMPROBANTE,SERIE_NUMERO,FECHA_EMISION,ESTADO,ID_METODO) values (26,13,'FACTURA','xddxxddx1',to_timestamp('02/05/26 22:16:05.749000000','DD/MM/RR HH24:MI:SSXFF'),'PAGADO',1);
Insert into GUSTAVO_ALVA.COMPROBANTES_PAGO (COMPROBANTE_ID,VENTA_ID,TIPO_COMPROBANTE,SERIE_NUMERO,FECHA_EMISION,ESTADO,ID_METODO) values (27,13,'BOLETA','eoo2',to_timestamp('02/05/26 22:16:05.749000000','DD/MM/RR HH24:MI:SSXFF'),'PAGADO',2);
Insert into GUSTAVO_ALVA.COMPROBANTES_PAGO (COMPROBANTE_ID,VENTA_ID,TIPO_COMPROBANTE,SERIE_NUMERO,FECHA_EMISION,ESTADO,ID_METODO) values (63,81,'BOLETA','XXXXX-308',to_timestamp('09/05/26 13:25:58.000000000','DD/MM/RR HH24:MI:SSXFF'),'PAGADO',1);
Insert into GUSTAVO_ALVA.COMPROBANTES_PAGO (COMPROBANTE_ID,VENTA_ID,TIPO_COMPROBANTE,SERIE_NUMERO,FECHA_EMISION,ESTADO,ID_METODO) values (124,165,'BOLETA','BOLET-4830',to_timestamp('17/05/26 03:39:13.513000000','DD/MM/RR HH24:MI:SSXFF'),'PAGADO',1);
Insert into GUSTAVO_ALVA.COMPROBANTES_PAGO (COMPROBANTE_ID,VENTA_ID,TIPO_COMPROBANTE,SERIE_NUMERO,FECHA_EMISION,ESTADO,ID_METODO) values (15,37,'FACTURA','2',to_timestamp('02/05/26 01:54:25.000000000','DD/MM/RR HH24:MI:SSXFF'),'PAGADO',1);
Insert into GUSTAVO_ALVA.COMPROBANTES_PAGO (COMPROBANTE_ID,VENTA_ID,TIPO_COMPROBANTE,SERIE_NUMERO,FECHA_EMISION,ESTADO,ID_METODO) values (16,37,'BOLETA','1',to_timestamp('02/05/26 01:54:25.000000000','DD/MM/RR HH24:MI:SSXFF'),'PAGADO',2);
Insert into GUSTAVO_ALVA.COMPROBANTES_PAGO (COMPROBANTE_ID,VENTA_ID,TIPO_COMPROBANTE,SERIE_NUMERO,FECHA_EMISION,ESTADO,ID_METODO) values (101,121,'BOLETA','XXXXX-298',to_timestamp('11/05/26 21:24:38.000000000','DD/MM/RR HH24:MI:SSXFF'),'PAGADO',1);
Insert into GUSTAVO_ALVA.COMPROBANTES_PAGO (COMPROBANTE_ID,VENTA_ID,TIPO_COMPROBANTE,SERIE_NUMERO,FECHA_EMISION,ESTADO,ID_METODO) values (121,162,'BOLETA','BOLET-5945',to_timestamp('17/05/26 03:12:10.171000000','DD/MM/RR HH24:MI:SSXFF'),'PAGADO',1);
Insert into GUSTAVO_ALVA.COMPROBANTES_PAGO (COMPROBANTE_ID,VENTA_ID,TIPO_COMPROBANTE,SERIE_NUMERO,FECHA_EMISION,ESTADO,ID_METODO) values (122,163,'BOLETA','BOLET-2352',to_timestamp('17/05/26 03:33:21.428000000','DD/MM/RR HH24:MI:SSXFF'),'PAGADO',1);
Insert into GUSTAVO_ALVA.COMPROBANTES_PAGO (COMPROBANTE_ID,VENTA_ID,TIPO_COMPROBANTE,SERIE_NUMERO,FECHA_EMISION,ESTADO,ID_METODO) values (125,166,'BOLETA','BOLET-9161',to_timestamp('17/05/26 03:40:59.419000000','DD/MM/RR HH24:MI:SSXFF'),'PAGADO',1);
Insert into GUSTAVO_ALVA.COMPROBANTES_PAGO (COMPROBANTE_ID,VENTA_ID,TIPO_COMPROBANTE,SERIE_NUMERO,FECHA_EMISION,ESTADO,ID_METODO) values (45,69,'BOLETA','XXXXX-536',to_timestamp('07/05/26 19:27:11.000000000','DD/MM/RR HH24:MI:SSXFF'),'PAGADO',1);
Insert into GUSTAVO_ALVA.COMPROBANTES_PAGO (COMPROBANTE_ID,VENTA_ID,TIPO_COMPROBANTE,SERIE_NUMERO,FECHA_EMISION,ESTADO,ID_METODO) values (46,70,'BOLETA','XXXXX-706',to_timestamp('07/05/26 19:27:36.000000000','DD/MM/RR HH24:MI:SSXFF'),'PAGADO',1);
Insert into GUSTAVO_ALVA.COMPROBANTES_PAGO (COMPROBANTE_ID,VENTA_ID,TIPO_COMPROBANTE,SERIE_NUMERO,FECHA_EMISION,ESTADO,ID_METODO) values (61,78,'BOLETA','XXXXX-190',to_timestamp('09/05/26 09:23:10.000000000','DD/MM/RR HH24:MI:SSXFF'),'PAGADO',1);
Insert into GUSTAVO_ALVA.COMPROBANTES_PAGO (COMPROBANTE_ID,VENTA_ID,TIPO_COMPROBANTE,SERIE_NUMERO,FECHA_EMISION,ESTADO,ID_METODO) values (62,80,'BOLETA','XXXXX-216',to_timestamp('09/05/26 09:24:33.000000000','DD/MM/RR HH24:MI:SSXFF'),'PAGADO',1);
Insert into GUSTAVO_ALVA.COMPROBANTES_PAGO (COMPROBANTE_ID,VENTA_ID,TIPO_COMPROBANTE,SERIE_NUMERO,FECHA_EMISION,ESTADO,ID_METODO) values (81,101,'BOLETA','XXXXX-33',to_timestamp('09/05/26 22:42:19.000000000','DD/MM/RR HH24:MI:SSXFF'),'PAGADO',1);
Insert into GUSTAVO_ALVA.COMPROBANTES_PAGO (COMPROBANTE_ID,VENTA_ID,TIPO_COMPROBANTE,SERIE_NUMERO,FECHA_EMISION,ESTADO,ID_METODO) values (141,181,'BOLETA','BOLET-3848',to_timestamp('17/05/26 21:04:04.363000000','DD/MM/RR HH24:MI:SSXFF'),'PAGADO',1);
Insert into GUSTAVO_ALVA.COMPROBANTES_PAGO (COMPROBANTE_ID,VENTA_ID,TIPO_COMPROBANTE,SERIE_NUMERO,FECHA_EMISION,ESTADO,ID_METODO) values (41,61,'BOLETA','XXXXX',to_timestamp('07/05/26 18:55:29.000000000','DD/MM/RR HH24:MI:SSXFF'),'PAGADO',1);
Insert into GUSTAVO_ALVA.COMPROBANTES_PAGO (COMPROBANTE_ID,VENTA_ID,TIPO_COMPROBANTE,SERIE_NUMERO,FECHA_EMISION,ESTADO,ID_METODO) values (44,67,'BOLETA','XXXXX-162',to_timestamp('07/05/26 19:08:38.000000000','DD/MM/RR HH24:MI:SSXFF'),'PAGADO',1);
Insert into GUSTAVO_ALVA.COMPROBANTES_PAGO (COMPROBANTE_ID,VENTA_ID,TIPO_COMPROBANTE,SERIE_NUMERO,FECHA_EMISION,ESTADO,ID_METODO) values (47,74,'BOLETA','XXXXX-378',to_timestamp('07/05/26 21:39:05.000000000','DD/MM/RR HH24:MI:SSXFF'),'PAGADO',1);
Insert into GUSTAVO_ALVA.COMPROBANTES_PAGO (COMPROBANTE_ID,VENTA_ID,TIPO_COMPROBANTE,SERIE_NUMERO,FECHA_EMISION,ESTADO,ID_METODO) values (123,164,'BOLETA','BOLET-8098',to_timestamp('17/05/26 03:36:43.974000000','DD/MM/RR HH24:MI:SSXFF'),'PAGADO',1);
Insert into GUSTAVO_ALVA.COMPROBANTES_PAGO (COMPROBANTE_ID,VENTA_ID,TIPO_COMPROBANTE,SERIE_NUMERO,FECHA_EMISION,ESTADO,ID_METODO) values (126,167,'BOLETA','BOLET-2094',to_timestamp('17/05/26 04:05:05.458000000','DD/MM/RR HH24:MI:SSXFF'),'PAGADO',1);
Insert into GUSTAVO_ALVA.COMPROBANTES_PAGO (COMPROBANTE_ID,VENTA_ID,TIPO_COMPROBANTE,SERIE_NUMERO,FECHA_EMISION,ESTADO,ID_METODO) values (18,42,'FACTURA','221',to_timestamp('02/05/26 20:44:05.000000000','DD/MM/RR HH24:MI:SSXFF'),'PAGADO',1);
Insert into GUSTAVO_ALVA.COMPROBANTES_PAGO (COMPROBANTE_ID,VENTA_ID,TIPO_COMPROBANTE,SERIE_NUMERO,FECHA_EMISION,ESTADO,ID_METODO) values (19,42,'BOLETA','1423',to_timestamp('02/05/26 20:44:05.000000000','DD/MM/RR HH24:MI:SSXFF'),'PAGADO',2);
REM INSERTING into GUSTAVO_ALVA.EMPLEADOS
SET DEFINE OFF;
Insert into GUSTAVO_ALVA.EMPLEADOS (EMPLEADO_ID,ROL_ID,NOMBRE,DNI,ESTADO,TELEFONO,EMAIL,FECHA_CONTRATACION,APELLIDO) values (23,1,'juanete','12345789','INACTIVO','987654321','juan@gmail.com',to_date('01/05/26','DD/MM/RR'),'Pérez');
Insert into GUSTAVO_ALVA.EMPLEADOS (EMPLEADO_ID,ROL_ID,NOMBRE,DNI,ESTADO,TELEFONO,EMAIL,FECHA_CONTRATACION,APELLIDO) values (24,2,'María','23456899','ACTIVO','987654322','maria@gmail.com',to_date('01/05/26','DD/MM/RR'),'Gómez');
Insert into GUSTAVO_ALVA.EMPLEADOS (EMPLEADO_ID,ROL_ID,NOMBRE,DNI,ESTADO,TELEFONO,EMAIL,FECHA_CONTRATACION,APELLIDO) values (25,2,'Luis','45967890','INACTIVO','987654323','luis@gmail.com',to_date('01/05/26','DD/MM/RR'),'Ramírez');
Insert into GUSTAVO_ALVA.EMPLEADOS (EMPLEADO_ID,ROL_ID,NOMBRE,DNI,ESTADO,TELEFONO,EMAIL,FECHA_CONTRATACION,APELLIDO) values (41,2,'Sergio','11223244','INACTIVO','111222333','alvarez@gmail.com',to_date('09/05/26','DD/MM/RR'),'Alvarez Gil');
Insert into GUSTAVO_ALVA.EMPLEADOS (EMPLEADO_ID,ROL_ID,NOMBRE,DNI,ESTADO,TELEFONO,EMAIL,FECHA_CONTRATACION,APELLIDO) values (42,4,'Manuel Arturo','44556677','ACTIVO','323232322','gotera@gmail.com',to_date('09/05/26','DD/MM/RR'),'Gotera Campos');
Insert into GUSTAVO_ALVA.EMPLEADOS (EMPLEADO_ID,ROL_ID,NOMBRE,DNI,ESTADO,TELEFONO,EMAIL,FECHA_CONTRATACION,APELLIDO) values (43,2,'Gustavo Paolo','33221144','INACTIVO','555444333','alva@gmail.com',to_date('09/05/26','DD/MM/RR'),'Alva Bobadilla');
Insert into GUSTAVO_ALVA.EMPLEADOS (EMPLEADO_ID,ROL_ID,NOMBRE,DNI,ESTADO,TELEFONO,EMAIL,FECHA_CONTRATACION,APELLIDO) values (44,4,'Silvio','33221155','ACTIVO','332332332','dgfg@gmail.com',to_date('09/05/26','DD/MM/RR'),'Burneo');
Insert into GUSTAVO_ALVA.EMPLEADOS (EMPLEADO_ID,ROL_ID,NOMBRE,DNI,ESTADO,TELEFONO,EMAIL,FECHA_CONTRATACION,APELLIDO) values (1,1,'Juan Pérez','12345678','ACTIVO',null,null,to_date('26/04/26','DD/MM/RR'),'Ocampo Valverde');
Insert into GUSTAVO_ALVA.EMPLEADOS (EMPLEADO_ID,ROL_ID,NOMBRE,DNI,ESTADO,TELEFONO,EMAIL,FECHA_CONTRATACION,APELLIDO) values (2,2,'María López','87654321','ACTIVO',null,null,to_date('26/04/26','DD/MM/RR'),'Castillo Pelaez');
Insert into GUSTAVO_ALVA.EMPLEADOS (EMPLEADO_ID,ROL_ID,NOMBRE,DNI,ESTADO,TELEFONO,EMAIL,FECHA_CONTRATACION,APELLIDO) values (3,3,'Carlos Ruiz','11223344','ACTIVO',null,null,to_date('26/04/26','DD/MM/RR'),'Medina Plascencia');
Insert into GUSTAVO_ALVA.EMPLEADOS (EMPLEADO_ID,ROL_ID,NOMBRE,DNI,ESTADO,TELEFONO,EMAIL,FECHA_CONTRATACION,APELLIDO) values (4,4,'Ana Torres','55667788','ACTIVO',null,null,to_date('26/04/26','DD/MM/RR'),'Avila Faustino');
REM INSERTING into GUSTAVO_ALVA.INSUMOS
SET DEFINE OFF;
Insert into GUSTAVO_ALVA.INSUMOS (INSUMO_ID,NOMBRE_INSUMO,UNIDAD_MEDIDA,STOCK_MINIMO_ALERTA,PROVEEDOR_ID,COSTO,STOCK) values (61,'Arroz','KG',10,74,4.5,76);
Insert into GUSTAVO_ALVA.INSUMOS (INSUMO_ID,NOMBRE_INSUMO,UNIDAD_MEDIDA,STOCK_MINIMO_ALERTA,PROVEEDOR_ID,COSTO,STOCK) values (62,'Pollo','KG',5,75,12.8,38.399993896484375);
Insert into GUSTAVO_ALVA.INSUMOS (INSUMO_ID,NOMBRE_INSUMO,UNIDAD_MEDIDA,STOCK_MINIMO_ALERTA,PROVEEDOR_ID,COSTO,STOCK) values (63,'Papa','KG',15,76,2.2,95);
Insert into GUSTAVO_ALVA.INSUMOS (INSUMO_ID,NOMBRE_INSUMO,UNIDAD_MEDIDA,STOCK_MINIMO_ALERTA,PROVEEDOR_ID,COSTO,STOCK) values (64,'Aceite','LITRO',8,77,9.9,35);
Insert into GUSTAVO_ALVA.INSUMOS (INSUMO_ID,NOMBRE_INSUMO,UNIDAD_MEDIDA,STOCK_MINIMO_ALERTA,PROVEEDOR_ID,COSTO,STOCK) values (65,'Tomate','KG',6,78,3.5,50);
Insert into GUSTAVO_ALVA.INSUMOS (INSUMO_ID,NOMBRE_INSUMO,UNIDAD_MEDIDA,STOCK_MINIMO_ALERTA,PROVEEDOR_ID,COSTO,STOCK) values (66,'Lechuga','UNIDAD',10,79,1.2,30);
Insert into GUSTAVO_ALVA.INSUMOS (INSUMO_ID,NOMBRE_INSUMO,UNIDAD_MEDIDA,STOCK_MINIMO_ALERTA,PROVEEDOR_ID,COSTO,STOCK) values (67,'Queso','KG',4,80,18,20);
Insert into GUSTAVO_ALVA.INSUMOS (INSUMO_ID,NOMBRE_INSUMO,UNIDAD_MEDIDA,STOCK_MINIMO_ALERTA,PROVEEDOR_ID,COSTO,STOCK) values (68,'Fideos','PAQUETE',12,81,2.8,60);
Insert into GUSTAVO_ALVA.INSUMOS (INSUMO_ID,NOMBRE_INSUMO,UNIDAD_MEDIDA,STOCK_MINIMO_ALERTA,PROVEEDOR_ID,COSTO,STOCK) values (69,'Huevos','DOCENA',5,82,7.5,25);
REM INSERTING into GUSTAVO_ALVA.MERMAS
SET DEFINE OFF;
Insert into GUSTAVO_ALVA.MERMAS (MERMA_ID,INSUMO_ID,EMPLEADO_ID,CANTIDAD,FECHA_REGISTRO) values (21,61,23,2.5,to_timestamp('17/05/26 13:33:38.072000000','DD/MM/RR HH24:MI:SSXFF'));
Insert into GUSTAVO_ALVA.MERMAS (MERMA_ID,INSUMO_ID,EMPLEADO_ID,CANTIDAD,FECHA_REGISTRO) values (22,62,24,1,to_timestamp('17/05/26 13:33:38.097000000','DD/MM/RR HH24:MI:SSXFF'));
Insert into GUSTAVO_ALVA.MERMAS (MERMA_ID,INSUMO_ID,EMPLEADO_ID,CANTIDAD,FECHA_REGISTRO) values (23,63,25,5,to_timestamp('17/05/26 13:33:38.104000000','DD/MM/RR HH24:MI:SSXFF'));
Insert into GUSTAVO_ALVA.MERMAS (MERMA_ID,INSUMO_ID,EMPLEADO_ID,CANTIDAD,FECHA_REGISTRO) values (24,64,41,3.75,to_timestamp('17/05/26 13:33:38.112000000','DD/MM/RR HH24:MI:SSXFF'));
Insert into GUSTAVO_ALVA.MERMAS (MERMA_ID,INSUMO_ID,EMPLEADO_ID,CANTIDAD,FECHA_REGISTRO) values (25,65,42,4,to_timestamp('17/05/26 13:33:38.122000000','DD/MM/RR HH24:MI:SSXFF'));
Insert into GUSTAVO_ALVA.MERMAS (MERMA_ID,INSUMO_ID,EMPLEADO_ID,CANTIDAD,FECHA_REGISTRO) values (26,66,43,0.5,to_timestamp('17/05/26 13:33:38.134000000','DD/MM/RR HH24:MI:SSXFF'));
Insert into GUSTAVO_ALVA.MERMAS (MERMA_ID,INSUMO_ID,EMPLEADO_ID,CANTIDAD,FECHA_REGISTRO) values (27,67,44,6.2,to_timestamp('17/05/26 13:33:38.142000000','DD/MM/RR HH24:MI:SSXFF'));
Insert into GUSTAVO_ALVA.MERMAS (MERMA_ID,INSUMO_ID,EMPLEADO_ID,CANTIDAD,FECHA_REGISTRO) values (28,68,23,1.8,to_timestamp('17/05/26 13:33:38.150000000','DD/MM/RR HH24:MI:SSXFF'));
Insert into GUSTAVO_ALVA.MERMAS (MERMA_ID,INSUMO_ID,EMPLEADO_ID,CANTIDAD,FECHA_REGISTRO) values (29,69,24,2,to_timestamp('17/05/26 13:33:38.158000000','DD/MM/RR HH24:MI:SSXFF'));
Insert into GUSTAVO_ALVA.MERMAS (MERMA_ID,INSUMO_ID,EMPLEADO_ID,CANTIDAD,FECHA_REGISTRO) values (30,64,24,2,to_timestamp('17/05/26 16:57:15.000000000','DD/MM/RR HH24:MI:SSXFF'));
Insert into GUSTAVO_ALVA.MERMAS (MERMA_ID,INSUMO_ID,EMPLEADO_ID,CANTIDAD,FECHA_REGISTRO) values (31,65,41,2,to_timestamp('17/05/26 16:57:47.000000000','DD/MM/RR HH24:MI:SSXFF'));
Insert into GUSTAVO_ALVA.MERMAS (MERMA_ID,INSUMO_ID,EMPLEADO_ID,CANTIDAD,FECHA_REGISTRO) values (32,66,2,2,to_timestamp('17/05/26 16:59:07.000000000','DD/MM/RR HH24:MI:SSXFF'));
Insert into GUSTAVO_ALVA.MERMAS (MERMA_ID,INSUMO_ID,EMPLEADO_ID,CANTIDAD,FECHA_REGISTRO) values (33,67,4,3,to_timestamp('17/05/26 17:08:30.000000000','DD/MM/RR HH24:MI:SSXFF'));
Insert into GUSTAVO_ALVA.MERMAS (MERMA_ID,INSUMO_ID,EMPLEADO_ID,CANTIDAD,FECHA_REGISTRO) values (38,63,44,5,to_timestamp('17/05/26 18:14:42.000000000','DD/MM/RR HH24:MI:SSXFF'));
Insert into GUSTAVO_ALVA.MERMAS (MERMA_ID,INSUMO_ID,EMPLEADO_ID,CANTIDAD,FECHA_REGISTRO) values (34,66,25,12,to_timestamp('17/05/26 17:24:49.000000000','DD/MM/RR HH24:MI:SSXFF'));
Insert into GUSTAVO_ALVA.MERMAS (MERMA_ID,INSUMO_ID,EMPLEADO_ID,CANTIDAD,FECHA_REGISTRO) values (35,69,24,2,to_timestamp('17/05/26 17:55:03.000000000','DD/MM/RR HH24:MI:SSXFF'));
Insert into GUSTAVO_ALVA.MERMAS (MERMA_ID,INSUMO_ID,EMPLEADO_ID,CANTIDAD,FECHA_REGISTRO) values (36,64,23,2,to_timestamp('17/05/26 18:09:24.000000000','DD/MM/RR HH24:MI:SSXFF'));
Insert into GUSTAVO_ALVA.MERMAS (MERMA_ID,INSUMO_ID,EMPLEADO_ID,CANTIDAD,FECHA_REGISTRO) values (37,63,25,1,to_timestamp('17/05/26 18:10:33.000000000','DD/MM/RR HH24:MI:SSXFF'));
REM INSERTING into GUSTAVO_ALVA.MESAS
SET DEFINE OFF;
Insert into GUSTAVO_ALVA.MESAS (MESA_ID,NUMERO_MESA,CAPACIDAD,ESTADO_MESA) values (1,2,4,'1');
REM INSERTING into GUSTAVO_ALVA.METODOS_PAGO
SET DEFINE OFF;
Insert into GUSTAVO_ALVA.METODOS_PAGO (ID_METODO_PAGO,NOMBRE) values (2,'BCP');
Insert into GUSTAVO_ALVA.METODOS_PAGO (ID_METODO_PAGO,NOMBRE) values (1,'YAPE');
REM INSERTING into GUSTAVO_ALVA.PLATOS_MENU
SET DEFINE OFF;
Insert into GUSTAVO_ALVA.PLATOS_MENU (PLATO_ID,CATEGORIA_ID,NOMBRE_PLATO,PRECIO_VENTA,DISPONIBLE,IMAGEN) values (71,2,'Tallarines Verdes',13.5,1,null);
Insert into GUSTAVO_ALVA.PLATOS_MENU (PLATO_ID,CATEGORIA_ID,NOMBRE_PLATO,PRECIO_VENTA,DISPONIBLE,IMAGEN) values (72,1,'Lasaña',15.5,1,null);
Insert into GUSTAVO_ALVA.PLATOS_MENU (PLATO_ID,CATEGORIA_ID,NOMBRE_PLATO,PRECIO_VENTA,DISPONIBLE,IMAGEN) values (73,1,'Osobuco',14,1,'src\imagen\1778812839001_Osobuco.jpg');
Insert into GUSTAVO_ALVA.PLATOS_MENU (PLATO_ID,CATEGORIA_ID,NOMBRE_PLATO,PRECIO_VENTA,DISPONIBLE,IMAGEN) values (74,1,'Pollada',15,1,'src\img\Pollada.jpeg');
Insert into GUSTAVO_ALVA.PLATOS_MENU (PLATO_ID,CATEGORIA_ID,NOMBRE_PLATO,PRECIO_VENTA,DISPONIBLE,IMAGEN) values (75,2,'Cuy Frito',12,1,'user.home\Downloads\POS_imagenes\Cuy.jpeg');
Insert into GUSTAVO_ALVA.PLATOS_MENU (PLATO_ID,CATEGORIA_ID,NOMBRE_PLATO,PRECIO_VENTA,DISPONIBLE,IMAGEN) values (76,2,'Cuy Frito Andino',15,1,'C:\Users\HP\Downloads\POS_imagenes\Cuy.jpeg');
Insert into GUSTAVO_ALVA.PLATOS_MENU (PLATO_ID,CATEGORIA_ID,NOMBRE_PLATO,PRECIO_VENTA,DISPONIBLE,IMAGEN) values (77,2,'Arroz Tapado',13,1,'C:\Users\HP\Downloads\POS_imagenes\ArrozTapado.jpeg');
Insert into GUSTAVO_ALVA.PLATOS_MENU (PLATO_ID,CATEGORIA_ID,NOMBRE_PLATO,PRECIO_VENTA,DISPONIBLE,IMAGEN) values (52,1,'Hamburguesa',8.5,0,null);
Insert into GUSTAVO_ALVA.PLATOS_MENU (PLATO_ID,CATEGORIA_ID,NOMBRE_PLATO,PRECIO_VENTA,DISPONIBLE,IMAGEN) values (53,1,'Arroz a la cubana',15,0,null);
Insert into GUSTAVO_ALVA.PLATOS_MENU (PLATO_ID,CATEGORIA_ID,NOMBRE_PLATO,PRECIO_VENTA,DISPONIBLE,IMAGEN) values (54,1,'Tallarin Saltado',13,0,null);
Insert into GUSTAVO_ALVA.PLATOS_MENU (PLATO_ID,CATEGORIA_ID,NOMBRE_PLATO,PRECIO_VENTA,DISPONIBLE,IMAGEN) values (21,1,'Arroz con Pollo',13.5,1,'/img/ArrozConPollo.jpeg');
Insert into GUSTAVO_ALVA.PLATOS_MENU (PLATO_ID,CATEGORIA_ID,NOMBRE_PLATO,PRECIO_VENTA,DISPONIBLE,IMAGEN) values (51,2,'Mondongo',13.5,1,null);
Insert into GUSTAVO_ALVA.PLATOS_MENU (PLATO_ID,CATEGORIA_ID,NOMBRE_PLATO,PRECIO_VENTA,DISPONIBLE,IMAGEN) values (1,2,'Arroz con chancho',18.5,1,'/img/ArrozConChancho.jpeg');
Insert into GUSTAVO_ALVA.PLATOS_MENU (PLATO_ID,CATEGORIA_ID,NOMBRE_PLATO,PRECIO_VENTA,DISPONIBLE,IMAGEN) values (2,2,'Chicha Morada',10101,1,'/img/ChichaMorada.png');
Insert into GUSTAVO_ALVA.PLATOS_MENU (PLATO_ID,CATEGORIA_ID,NOMBRE_PLATO,PRECIO_VENTA,DISPONIBLE,IMAGEN) values (41,2,'Ceviche Clásico',38.5,1,'/img/Ceviche.png');
Insert into GUSTAVO_ALVA.PLATOS_MENU (PLATO_ID,CATEGORIA_ID,NOMBRE_PLATO,PRECIO_VENTA,DISPONIBLE,IMAGEN) values (42,2,'Ceviche Clásico',38.5,1,'/img/Ceviche.png');
Insert into GUSTAVO_ALVA.PLATOS_MENU (PLATO_ID,CATEGORIA_ID,NOMBRE_PLATO,PRECIO_VENTA,DISPONIBLE,IMAGEN) values (43,2,'Lomo Saltado',32,1,'/img/LomoSaltado.png');
Insert into GUSTAVO_ALVA.PLATOS_MENU (PLATO_ID,CATEGORIA_ID,NOMBRE_PLATO,PRECIO_VENTA,DISPONIBLE,IMAGEN) values (44,2,'Arroz Chaufa',24.5,1,'/img/ArrozChaufa.jpeg');
Insert into GUSTAVO_ALVA.PLATOS_MENU (PLATO_ID,CATEGORIA_ID,NOMBRE_PLATO,PRECIO_VENTA,DISPONIBLE,IMAGEN) values (45,2,'Ají de Gallina',27.9,1,'/img/AjiDeGallina.png');
Insert into GUSTAVO_ALVA.PLATOS_MENU (PLATO_ID,CATEGORIA_ID,NOMBRE_PLATO,PRECIO_VENTA,DISPONIBLE,IMAGEN) values (46,1,'Papa a la Huancaína',18,1,'/img/PapaALaHuancaina.jpeg');
Insert into GUSTAVO_ALVA.PLATOS_MENU (PLATO_ID,CATEGORIA_ID,NOMBRE_PLATO,PRECIO_VENTA,DISPONIBLE,IMAGEN) values (47,2,'Pollo a la Brasa',45,1,'/img/PolloALBrasa.jpeg');
Insert into GUSTAVO_ALVA.PLATOS_MENU (PLATO_ID,CATEGORIA_ID,NOMBRE_PLATO,PRECIO_VENTA,DISPONIBLE,IMAGEN) values (48,1,'Anticuchos',22.5,1,'/img/Anticucho.png');
Insert into GUSTAVO_ALVA.PLATOS_MENU (PLATO_ID,CATEGORIA_ID,NOMBRE_PLATO,PRECIO_VENTA,DISPONIBLE,IMAGEN) values (49,1,'Tiramisú',16,1,'/img/Tiramisu.jpeg');
Insert into GUSTAVO_ALVA.PLATOS_MENU (PLATO_ID,CATEGORIA_ID,NOMBRE_PLATO,PRECIO_VENTA,DISPONIBLE,IMAGEN) values (50,1,'Cheesecake',15.5,0,'/img/Chesscake.jpg');
Insert into GUSTAVO_ALVA.PLATOS_MENU (PLATO_ID,CATEGORIA_ID,NOMBRE_PLATO,PRECIO_VENTA,DISPONIBLE,IMAGEN) values (61,1,'Causa Limeña',15,1,'/img/CausaLimena.png');
Insert into GUSTAVO_ALVA.PLATOS_MENU (PLATO_ID,CATEGORIA_ID,NOMBRE_PLATO,PRECIO_VENTA,DISPONIBLE,IMAGEN) values (62,1,'Tamalito Verde',12,1,'/img/TamalitoVerde.png');
Insert into GUSTAVO_ALVA.PLATOS_MENU (PLATO_ID,CATEGORIA_ID,NOMBRE_PLATO,PRECIO_VENTA,DISPONIBLE,IMAGEN) values (63,1,'Chicharrón de Calamar',22,1,'/img/ChicharronCalamar.png');
REM INSERTING into GUSTAVO_ALVA.PROVEEDORES
SET DEFINE OFF;
Insert into GUSTAVO_ALVA.PROVEEDORES (PROVEEDOR_ID,RUC,NOMBRE_EMPRESA,CONTACTO_NOMBRE,TELEFONO,EMAIL,DIRECCION,CODIGO,TIPO_INSUMO,REGION,CUMPLIMIENTO,ACTIVO) values (74,'20100070970','Distribuidora Norte SAC','Carlos Mendoza','987654321','ventas@norte.com','Av. Perú 123 - Trujillo','PRV001','Granos','La Libertad',95,1);
Insert into GUSTAVO_ALVA.PROVEEDORES (PROVEEDOR_ID,RUC,NOMBRE_EMPRESA,CONTACTO_NOMBRE,TELEFONO,EMAIL,DIRECCION,CODIGO,TIPO_INSUMO,REGION,CUMPLIMIENTO,ACTIVO) values (75,'20547896321','Avícola Santa Rosa','María López','945678123','contacto@santarosa.com','Mz A Lt 12 - Chiclayo','PRV002','Carnes','Lambayeque',90,1);
Insert into GUSTAVO_ALVA.PROVEEDORES (PROVEEDOR_ID,RUC,NOMBRE_EMPRESA,CONTACTO_NOMBRE,TELEFONO,EMAIL,DIRECCION,CODIGO,TIPO_INSUMO,REGION,CUMPLIMIENTO,ACTIVO) values (76,'20458963214','Verduras Fresh EIRL','Luis Ramírez','912345678','fresh@verduras.com','Jr. Lima 456 - Piura','PRV003','Verduras','Piura',88,1);
Insert into GUSTAVO_ALVA.PROVEEDORES (PROVEEDOR_ID,RUC,NOMBRE_EMPRESA,CONTACTO_NOMBRE,TELEFONO,EMAIL,DIRECCION,CODIGO,TIPO_INSUMO,REGION,CUMPLIMIENTO,ACTIVO) values (77,'20654789123','Lácteos del Valle','Andrea Torres','998877665','ventas@lacteosvalle.com','Av. Central 890 - Cajamarca','PRV004','Lácteos','Cajamarca',92,1);
Insert into GUSTAVO_ALVA.PROVEEDORES (PROVEEDOR_ID,RUC,NOMBRE_EMPRESA,CONTACTO_NOMBRE,TELEFONO,EMAIL,DIRECCION,CODIGO,TIPO_INSUMO,REGION,CUMPLIMIENTO,ACTIVO) values (78,'20321478569','Aceites Premium SAC','Fernando Ruiz','977112233','info@aceitespremium.com','Av. Industrial 145 - Lima','PRV005','Aceites','Lima',97,1);
Insert into GUSTAVO_ALVA.PROVEEDORES (PROVEEDOR_ID,RUC,NOMBRE_EMPRESA,CONTACTO_NOMBRE,TELEFONO,EMAIL,DIRECCION,CODIGO,TIPO_INSUMO,REGION,CUMPLIMIENTO,ACTIVO) values (79,'20589632147','Distribuciones Andinas','Rosa Vega','966554433','ventas@andinas.com','Jr. Unión 333 - Huancayo','PRV006','Abarrotes','Junín',85,1);
Insert into GUSTAVO_ALVA.PROVEEDORES (PROVEEDOR_ID,RUC,NOMBRE_EMPRESA,CONTACTO_NOMBRE,TELEFONO,EMAIL,DIRECCION,CODIGO,TIPO_INSUMO,REGION,CUMPLIMIENTO,ACTIVO) values (80,'20147896532','Carnes del Sur','Miguel Castro','955443322','contacto@carnesdelsur.com','Av. Grau 500 - Arequipa','PRV007','Carnes','Arequipa',91,1);
Insert into GUSTAVO_ALVA.PROVEEDORES (PROVEEDOR_ID,RUC,NOMBRE_EMPRESA,CONTACTO_NOMBRE,TELEFONO,EMAIL,DIRECCION,CODIGO,TIPO_INSUMO,REGION,CUMPLIMIENTO,ACTIVO) values (81,'20632147895','Hortalizas Perú','Patricia León','944556677','ventas@hortalizasperu.com','Calle Los Jardines 101 - Ica','PRV008','Verduras','Ica',89,1);
Insert into GUSTAVO_ALVA.PROVEEDORES (PROVEEDOR_ID,RUC,NOMBRE_EMPRESA,CONTACTO_NOMBRE,TELEFONO,EMAIL,DIRECCION,CODIGO,TIPO_INSUMO,REGION,CUMPLIMIENTO,ACTIVO) values (82,'20478596321','Pastas y Más SAC','José Salas','933221144','info@pastasymas.com','Av. Primavera 742 - Lima','PRV009','Pastas','Lima',93,1);
Insert into GUSTAVO_ALVA.PROVEEDORES (PROVEEDOR_ID,RUC,NOMBRE_EMPRESA,CONTACTO_NOMBRE,TELEFONO,EMAIL,DIRECCION,CODIGO,TIPO_INSUMO,REGION,CUMPLIMIENTO,ACTIVO) values (83,'20563214789','Huevos El Campo','Daniel Paredes','922334455','ventas@huevoscampo.com','Jr. San Martín 210 - Trujillo','PRV010','Huevos','La Libertad',94,1);
REM INSERTING into GUSTAVO_ALVA.RECETAS_ESCANDALLO
SET DEFINE OFF;
Insert into GUSTAVO_ALVA.RECETAS_ESCANDALLO (RECETA_ID,PLATO_ID,INSUMO_ID,CANTIDAD_REQUERIDA) values (21,21,61,0.5);
Insert into GUSTAVO_ALVA.RECETAS_ESCANDALLO (RECETA_ID,PLATO_ID,INSUMO_ID,CANTIDAD_REQUERIDA) values (22,21,62,0.2);
REM INSERTING into GUSTAVO_ALVA.ROLES
SET DEFINE OFF;
Insert into GUSTAVO_ALVA.ROLES (ROL_ID,NOMBRE_ROL,DESCRIPCION) values (1,'ADMINISTRADOR',null);
Insert into GUSTAVO_ALVA.ROLES (ROL_ID,NOMBRE_ROL,DESCRIPCION) values (2,'Mozo',null);
Insert into GUSTAVO_ALVA.ROLES (ROL_ID,NOMBRE_ROL,DESCRIPCION) values (3,'Chef',null);
Insert into GUSTAVO_ALVA.ROLES (ROL_ID,NOMBRE_ROL,DESCRIPCION) values (4,'Cajero',null);
REM INSERTING into GUSTAVO_ALVA.USUARIOS
SET DEFINE OFF;
Insert into GUSTAVO_ALVA.USUARIOS (USUARIO_ID,USERNAME,PASSWORD_HASH,ESTADO,EMPLEADO_ID,ROL_ID) values (1,'gustavo123','123456','ACTIVO',25,1);
Insert into GUSTAVO_ALVA.USUARIOS (USUARIO_ID,USERNAME,PASSWORD_HASH,ESTADO,EMPLEADO_ID,ROL_ID) values (21,'alfredo','7415','ACTIVO',23,2);
Insert into GUSTAVO_ALVA.USUARIOS (USUARIO_ID,USERNAME,PASSWORD_HASH,ESTADO,EMPLEADO_ID,ROL_ID) values (22,'gotera','789','ACTIVO',1,4);
REM INSERTING into GUSTAVO_ALVA.VENTAS_CABECERA
SET DEFINE OFF;
Insert into GUSTAVO_ALVA.VENTAS_CABECERA (VENTA_ID,MESA_ID,EMPLEADO_ID,CLIENTE_ID,FECHA_HORA,SUBTOTAL,IGV,TOTAL,ESTADO_PAGO,DESCUENTO,CAJA_ID) values (81,1,24,24,to_date('09/05/26','DD/MM/RR'),74,13.32,86.32,'PAGADO',1,1);
Insert into GUSTAVO_ALVA.VENTAS_CABECERA (VENTA_ID,MESA_ID,EMPLEADO_ID,CLIENTE_ID,FECHA_HORA,SUBTOTAL,IGV,TOTAL,ESTADO_PAGO,DESCUENTO,CAJA_ID) values (165,1,1,24,to_date('17/05/26','DD/MM/RR'),27,4.86,31.86,'PAGADO',0,1);
Insert into GUSTAVO_ALVA.VENTAS_CABECERA (VENTA_ID,MESA_ID,EMPLEADO_ID,CLIENTE_ID,FECHA_HORA,SUBTOTAL,IGV,TOTAL,ESTADO_PAGO,DESCUENTO,CAJA_ID) values (14,1,24,1,to_date('02/05/26','DD/MM/RR'),7,9,12,'PAGADO',6,1);
Insert into GUSTAVO_ALVA.VENTAS_CABECERA (VENTA_ID,MESA_ID,EMPLEADO_ID,CLIENTE_ID,FECHA_HORA,SUBTOTAL,IGV,TOTAL,ESTADO_PAGO,DESCUENTO,CAJA_ID) values (15,1,24,1,to_date('02/05/26','DD/MM/RR'),7,9,12,'PAGADO',6,1);
Insert into GUSTAVO_ALVA.VENTAS_CABECERA (VENTA_ID,MESA_ID,EMPLEADO_ID,CLIENTE_ID,FECHA_HORA,SUBTOTAL,IGV,TOTAL,ESTADO_PAGO,DESCUENTO,CAJA_ID) values (16,1,24,1,to_date('02/05/26','DD/MM/RR'),7,9,12,'PAGADO',6,null);
Insert into GUSTAVO_ALVA.VENTAS_CABECERA (VENTA_ID,MESA_ID,EMPLEADO_ID,CLIENTE_ID,FECHA_HORA,SUBTOTAL,IGV,TOTAL,ESTADO_PAGO,DESCUENTO,CAJA_ID) values (17,1,24,1,to_date('02/05/26','DD/MM/RR'),7,9,12,'PAGADO',6,null);
Insert into GUSTAVO_ALVA.VENTAS_CABECERA (VENTA_ID,MESA_ID,EMPLEADO_ID,CLIENTE_ID,FECHA_HORA,SUBTOTAL,IGV,TOTAL,ESTADO_PAGO,DESCUENTO,CAJA_ID) values (18,1,24,1,to_date('02/05/26','DD/MM/RR'),7,9,12,'PAGADO',6,null);
Insert into GUSTAVO_ALVA.VENTAS_CABECERA (VENTA_ID,MESA_ID,EMPLEADO_ID,CLIENTE_ID,FECHA_HORA,SUBTOTAL,IGV,TOTAL,ESTADO_PAGO,DESCUENTO,CAJA_ID) values (37,1,24,1,to_date('02/05/26','DD/MM/RR'),7,9,12,'PAGADO',6,null);
Insert into GUSTAVO_ALVA.VENTAS_CABECERA (VENTA_ID,MESA_ID,EMPLEADO_ID,CLIENTE_ID,FECHA_HORA,SUBTOTAL,IGV,TOTAL,ESTADO_PAGO,DESCUENTO,CAJA_ID) values (121,1,42,24,to_date('11/05/26','DD/MM/RR'),52,9.36,60.36,'PAGADO',1,1);
Insert into GUSTAVO_ALVA.VENTAS_CABECERA (VENTA_ID,MESA_ID,EMPLEADO_ID,CLIENTE_ID,FECHA_HORA,SUBTOTAL,IGV,TOTAL,ESTADO_PAGO,DESCUENTO,CAJA_ID) values (162,1,1,24,to_date('17/05/26','DD/MM/RR'),27,4.86,31.86,'PAGADO',0,1);
Insert into GUSTAVO_ALVA.VENTAS_CABECERA (VENTA_ID,MESA_ID,EMPLEADO_ID,CLIENTE_ID,FECHA_HORA,SUBTOTAL,IGV,TOTAL,ESTADO_PAGO,DESCUENTO,CAJA_ID) values (163,1,1,24,to_date('17/05/26','DD/MM/RR'),40.5,7.29,47.79,'PAGADO',0,1);
Insert into GUSTAVO_ALVA.VENTAS_CABECERA (VENTA_ID,MESA_ID,EMPLEADO_ID,CLIENTE_ID,FECHA_HORA,SUBTOTAL,IGV,TOTAL,ESTADO_PAGO,DESCUENTO,CAJA_ID) values (166,1,1,24,to_date('17/05/26','DD/MM/RR'),40.5,7.29,47.79,'PAGADO',0,1);
Insert into GUSTAVO_ALVA.VENTAS_CABECERA (VENTA_ID,MESA_ID,EMPLEADO_ID,CLIENTE_ID,FECHA_HORA,SUBTOTAL,IGV,TOTAL,ESTADO_PAGO,DESCUENTO,CAJA_ID) values (8,1,24,2,to_date('01/05/26','DD/MM/RR'),20220.5,3639.69,20220.5,'PENDIENTE',2,null);
Insert into GUSTAVO_ALVA.VENTAS_CABECERA (VENTA_ID,MESA_ID,EMPLEADO_ID,CLIENTE_ID,FECHA_HORA,SUBTOTAL,IGV,TOTAL,ESTADO_PAGO,DESCUENTO,CAJA_ID) values (9,1,24,2,to_date('01/05/26','DD/MM/RR'),20220.5,3639.69,20220.5,'PENDIENTE',2,null);
Insert into GUSTAVO_ALVA.VENTAS_CABECERA (VENTA_ID,MESA_ID,EMPLEADO_ID,CLIENTE_ID,FECHA_HORA,SUBTOTAL,IGV,TOTAL,ESTADO_PAGO,DESCUENTO,CAJA_ID) values (69,1,24,1,to_date('07/05/26','DD/MM/RR'),37,6.66,42.66,'PAGADO',1,1);
Insert into GUSTAVO_ALVA.VENTAS_CABECERA (VENTA_ID,MESA_ID,EMPLEADO_ID,CLIENTE_ID,FECHA_HORA,SUBTOTAL,IGV,TOTAL,ESTADO_PAGO,DESCUENTO,CAJA_ID) values (70,1,24,1,to_date('07/05/26','DD/MM/RR'),111,19.98,129.98,'PAGADO',1,1);
Insert into GUSTAVO_ALVA.VENTAS_CABECERA (VENTA_ID,MESA_ID,EMPLEADO_ID,CLIENTE_ID,FECHA_HORA,SUBTOTAL,IGV,TOTAL,ESTADO_PAGO,DESCUENTO,CAJA_ID) values (12,1,24,2,to_date('01/05/26','DD/MM/RR'),20220.5,3639.69,20220.5,'PENDIENTE',2,null);
Insert into GUSTAVO_ALVA.VENTAS_CABECERA (VENTA_ID,MESA_ID,EMPLEADO_ID,CLIENTE_ID,FECHA_HORA,SUBTOTAL,IGV,TOTAL,ESTADO_PAGO,DESCUENTO,CAJA_ID) values (13,1,24,2,to_date('01/05/26','DD/MM/RR'),20220.5,3639.69,20220.5,'PENDIENTE',2,null);
Insert into GUSTAVO_ALVA.VENTAS_CABECERA (VENTA_ID,MESA_ID,EMPLEADO_ID,CLIENTE_ID,FECHA_HORA,SUBTOTAL,IGV,TOTAL,ESTADO_PAGO,DESCUENTO,CAJA_ID) values (78,1,24,25,to_date('09/05/26','DD/MM/RR'),55.5,9.99,64.49,'PAGADO',1,1);
Insert into GUSTAVO_ALVA.VENTAS_CABECERA (VENTA_ID,MESA_ID,EMPLEADO_ID,CLIENTE_ID,FECHA_HORA,SUBTOTAL,IGV,TOTAL,ESTADO_PAGO,DESCUENTO,CAJA_ID) values (80,1,24,24,to_date('09/05/26','DD/MM/RR'),536.5,96.57,632.07,'PAGADO',1,1);
Insert into GUSTAVO_ALVA.VENTAS_CABECERA (VENTA_ID,MESA_ID,EMPLEADO_ID,CLIENTE_ID,FECHA_HORA,SUBTOTAL,IGV,TOTAL,ESTADO_PAGO,DESCUENTO,CAJA_ID) values (101,1,42,24,to_date('09/05/26','DD/MM/RR'),74,13.32,86.32,'PAGADO',1,1);
Insert into GUSTAVO_ALVA.VENTAS_CABECERA (VENTA_ID,MESA_ID,EMPLEADO_ID,CLIENTE_ID,FECHA_HORA,SUBTOTAL,IGV,TOTAL,ESTADO_PAGO,DESCUENTO,CAJA_ID) values (181,1,1,24,to_date('17/05/26','DD/MM/RR'),83.7,15.07,98.77,'PAGADO',0,1);
Insert into GUSTAVO_ALVA.VENTAS_CABECERA (VENTA_ID,MESA_ID,EMPLEADO_ID,CLIENTE_ID,FECHA_HORA,SUBTOTAL,IGV,TOTAL,ESTADO_PAGO,DESCUENTO,CAJA_ID) values (61,1,24,1,to_date('07/05/26','DD/MM/RR'),18.5,3.33,20.83,'PAGADO',1,1);
Insert into GUSTAVO_ALVA.VENTAS_CABECERA (VENTA_ID,MESA_ID,EMPLEADO_ID,CLIENTE_ID,FECHA_HORA,SUBTOTAL,IGV,TOTAL,ESTADO_PAGO,DESCUENTO,CAJA_ID) values (67,1,24,2,to_date('07/05/26','DD/MM/RR'),10138,1824.84,11961.84,'PAGADO',1,1);
Insert into GUSTAVO_ALVA.VENTAS_CABECERA (VENTA_ID,MESA_ID,EMPLEADO_ID,CLIENTE_ID,FECHA_HORA,SUBTOTAL,IGV,TOTAL,ESTADO_PAGO,DESCUENTO,CAJA_ID) values (74,1,24,1,to_date('07/05/26','DD/MM/RR'),10101,1818.18,11918.18,'PAGADO',1,1);
Insert into GUSTAVO_ALVA.VENTAS_CABECERA (VENTA_ID,MESA_ID,EMPLEADO_ID,CLIENTE_ID,FECHA_HORA,SUBTOTAL,IGV,TOTAL,ESTADO_PAGO,DESCUENTO,CAJA_ID) values (164,1,1,24,to_date('17/05/26','DD/MM/RR'),54,9.72,63.72,'PAGADO',0,1);
Insert into GUSTAVO_ALVA.VENTAS_CABECERA (VENTA_ID,MESA_ID,EMPLEADO_ID,CLIENTE_ID,FECHA_HORA,SUBTOTAL,IGV,TOTAL,ESTADO_PAGO,DESCUENTO,CAJA_ID) values (167,1,1,24,to_date('17/05/26','DD/MM/RR'),13.5,2.43,15.93,'PAGADO',0,1);
Insert into GUSTAVO_ALVA.VENTAS_CABECERA (VENTA_ID,MESA_ID,EMPLEADO_ID,CLIENTE_ID,FECHA_HORA,SUBTOTAL,IGV,TOTAL,ESTADO_PAGO,DESCUENTO,CAJA_ID) values (19,1,24,1,to_date('02/05/26','DD/MM/RR'),7,9,12,'PAGADO',6,null);
Insert into GUSTAVO_ALVA.VENTAS_CABECERA (VENTA_ID,MESA_ID,EMPLEADO_ID,CLIENTE_ID,FECHA_HORA,SUBTOTAL,IGV,TOTAL,ESTADO_PAGO,DESCUENTO,CAJA_ID) values (42,1,24,1,to_date('02/05/26','DD/MM/RR'),7,9,12,'PAGADO',6,null);
REM INSERTING into GUSTAVO_ALVA.VENTAS_DETALLE
SET DEFINE OFF;
Insert into GUSTAVO_ALVA.VENTAS_DETALLE (DETALLE_ID,VENTA_ID,PLATO_ID,CANTIDAD,PRECIO_UNITARIO_VENTA,SUBTOTAL) values (47,18,1,3,2,6);
Insert into GUSTAVO_ALVA.VENTAS_DETALLE (DETALLE_ID,VENTA_ID,PLATO_ID,CANTIDAD,PRECIO_UNITARIO_VENTA,SUBTOTAL) values (48,18,2,3,2,6);
Insert into GUSTAVO_ALVA.VENTAS_DETALLE (DETALLE_ID,VENTA_ID,PLATO_ID,CANTIDAD,PRECIO_UNITARIO_VENTA,SUBTOTAL) values (51,13,1,3,2,6);
Insert into GUSTAVO_ALVA.VENTAS_DETALLE (DETALLE_ID,VENTA_ID,PLATO_ID,CANTIDAD,PRECIO_UNITARIO_VENTA,SUBTOTAL) values (52,13,2,3,2,6);
Insert into GUSTAVO_ALVA.VENTAS_DETALLE (DETALLE_ID,VENTA_ID,PLATO_ID,CANTIDAD,PRECIO_UNITARIO_VENTA,SUBTOTAL) values (83,81,1,4,18.5,74);
Insert into GUSTAVO_ALVA.VENTAS_DETALLE (DETALLE_ID,VENTA_ID,PLATO_ID,CANTIDAD,PRECIO_UNITARIO_VENTA,SUBTOTAL) values (144,165,21,2,13.5,27);
Insert into GUSTAVO_ALVA.VENTAS_DETALLE (DETALLE_ID,VENTA_ID,PLATO_ID,CANTIDAD,PRECIO_UNITARIO_VENTA,SUBTOTAL) values (39,37,1,3,2,6);
Insert into GUSTAVO_ALVA.VENTAS_DETALLE (DETALLE_ID,VENTA_ID,PLATO_ID,CANTIDAD,PRECIO_UNITARIO_VENTA,SUBTOTAL) values (40,37,2,3,2,6);
Insert into GUSTAVO_ALVA.VENTAS_DETALLE (DETALLE_ID,VENTA_ID,PLATO_ID,CANTIDAD,PRECIO_UNITARIO_VENTA,SUBTOTAL) values (121,121,49,1,16,16);
Insert into GUSTAVO_ALVA.VENTAS_DETALLE (DETALLE_ID,VENTA_ID,PLATO_ID,CANTIDAD,PRECIO_UNITARIO_VENTA,SUBTOTAL) values (122,121,21,1,13.5,13.5);
Insert into GUSTAVO_ALVA.VENTAS_DETALLE (DETALLE_ID,VENTA_ID,PLATO_ID,CANTIDAD,PRECIO_UNITARIO_VENTA,SUBTOTAL) values (123,121,48,1,22.5,22.5);
Insert into GUSTAVO_ALVA.VENTAS_DETALLE (DETALLE_ID,VENTA_ID,PLATO_ID,CANTIDAD,PRECIO_UNITARIO_VENTA,SUBTOTAL) values (141,162,21,2,13.5,27);
Insert into GUSTAVO_ALVA.VENTAS_DETALLE (DETALLE_ID,VENTA_ID,PLATO_ID,CANTIDAD,PRECIO_UNITARIO_VENTA,SUBTOTAL) values (142,163,21,3,13.5,40.5);
Insert into GUSTAVO_ALVA.VENTAS_DETALLE (DETALLE_ID,VENTA_ID,PLATO_ID,CANTIDAD,PRECIO_UNITARIO_VENTA,SUBTOTAL) values (145,166,21,3,13.5,40.5);
Insert into GUSTAVO_ALVA.VENTAS_DETALLE (DETALLE_ID,VENTA_ID,PLATO_ID,CANTIDAD,PRECIO_UNITARIO_VENTA,SUBTOTAL) values (81,78,1,3,18.5,55.5);
Insert into GUSTAVO_ALVA.VENTAS_DETALLE (DETALLE_ID,VENTA_ID,PLATO_ID,CANTIDAD,PRECIO_UNITARIO_VENTA,SUBTOTAL) values (82,80,1,29,18.5,536.5);
Insert into GUSTAVO_ALVA.VENTAS_DETALLE (DETALLE_ID,VENTA_ID,PLATO_ID,CANTIDAD,PRECIO_UNITARIO_VENTA,SUBTOTAL) values (68,69,1,2,18.5,37);
Insert into GUSTAVO_ALVA.VENTAS_DETALLE (DETALLE_ID,VENTA_ID,PLATO_ID,CANTIDAD,PRECIO_UNITARIO_VENTA,SUBTOTAL) values (69,70,1,6,18.5,111);
Insert into GUSTAVO_ALVA.VENTAS_DETALLE (DETALLE_ID,VENTA_ID,PLATO_ID,CANTIDAD,PRECIO_UNITARIO_VENTA,SUBTOTAL) values (101,101,1,4,18.5,74);
Insert into GUSTAVO_ALVA.VENTAS_DETALLE (DETALLE_ID,VENTA_ID,PLATO_ID,CANTIDAD,PRECIO_UNITARIO_VENTA,SUBTOTAL) values (161,181,45,3,27.9,83.7);
Insert into GUSTAVO_ALVA.VENTAS_DETALLE (DETALLE_ID,VENTA_ID,PLATO_ID,CANTIDAD,PRECIO_UNITARIO_VENTA,SUBTOTAL) values (61,61,1,1,18.5,18.5);
Insert into GUSTAVO_ALVA.VENTAS_DETALLE (DETALLE_ID,VENTA_ID,PLATO_ID,CANTIDAD,PRECIO_UNITARIO_VENTA,SUBTOTAL) values (66,67,1,2,18.5,37);
Insert into GUSTAVO_ALVA.VENTAS_DETALLE (DETALLE_ID,VENTA_ID,PLATO_ID,CANTIDAD,PRECIO_UNITARIO_VENTA,SUBTOTAL) values (67,67,2,1,10101,10101);
Insert into GUSTAVO_ALVA.VENTAS_DETALLE (DETALLE_ID,VENTA_ID,PLATO_ID,CANTIDAD,PRECIO_UNITARIO_VENTA,SUBTOTAL) values (70,74,2,1,10101,10101);
Insert into GUSTAVO_ALVA.VENTAS_DETALLE (DETALLE_ID,VENTA_ID,PLATO_ID,CANTIDAD,PRECIO_UNITARIO_VENTA,SUBTOTAL) values (143,164,21,4,13.5,54);
Insert into GUSTAVO_ALVA.VENTAS_DETALLE (DETALLE_ID,VENTA_ID,PLATO_ID,CANTIDAD,PRECIO_UNITARIO_VENTA,SUBTOTAL) values (146,167,21,1,13.5,13.5);
Insert into GUSTAVO_ALVA.VENTAS_DETALLE (DETALLE_ID,VENTA_ID,PLATO_ID,CANTIDAD,PRECIO_UNITARIO_VENTA,SUBTOTAL) values (43,42,1,3,2,6);
Insert into GUSTAVO_ALVA.VENTAS_DETALLE (DETALLE_ID,VENTA_ID,PLATO_ID,CANTIDAD,PRECIO_UNITARIO_VENTA,SUBTOTAL) values (44,42,2,3,2,6);
--------------------------------------------------------
--  DDL for Index SYS_C008288
--------------------------------------------------------

  CREATE UNIQUE INDEX "GUSTAVO_ALVA"."SYS_C008288" ON "GUSTAVO_ALVA"."ROLES" ("ROL_ID") 
  PCTFREE 10 INITRANS 2 MAXTRANS 255 COMPUTE STATISTICS 
  STORAGE(INITIAL 65536 NEXT 1048576 MINEXTENTS 1 MAXEXTENTS 2147483645
  PCTINCREASE 0 FREELISTS 1 FREELIST GROUPS 1
  BUFFER_POOL DEFAULT FLASH_CACHE DEFAULT CELL_FLASH_CACHE DEFAULT)
  TABLESPACE "USERS" ;
--------------------------------------------------------
--  DDL for Index SYS_C008292
--------------------------------------------------------

  CREATE UNIQUE INDEX "GUSTAVO_ALVA"."SYS_C008292" ON "GUSTAVO_ALVA"."EMPLEADOS" ("EMPLEADO_ID") 
  PCTFREE 10 INITRANS 2 MAXTRANS 255 COMPUTE STATISTICS 
  STORAGE(INITIAL 65536 NEXT 1048576 MINEXTENTS 1 MAXEXTENTS 2147483645
  PCTINCREASE 0 FREELISTS 1 FREELIST GROUPS 1
  BUFFER_POOL DEFAULT FLASH_CACHE DEFAULT CELL_FLASH_CACHE DEFAULT)
  TABLESPACE "USERS" ;
--------------------------------------------------------
--  DDL for Index SYS_C008293
--------------------------------------------------------

  CREATE UNIQUE INDEX "GUSTAVO_ALVA"."SYS_C008293" ON "GUSTAVO_ALVA"."EMPLEADOS" ("DNI") 
  PCTFREE 10 INITRANS 2 MAXTRANS 255 COMPUTE STATISTICS 
  STORAGE(INITIAL 65536 NEXT 1048576 MINEXTENTS 1 MAXEXTENTS 2147483645
  PCTINCREASE 0 FREELISTS 1 FREELIST GROUPS 1
  BUFFER_POOL DEFAULT FLASH_CACHE DEFAULT CELL_FLASH_CACHE DEFAULT)
  TABLESPACE "USERS" ;
--------------------------------------------------------
--  DDL for Index SYS_C008296
--------------------------------------------------------

  CREATE UNIQUE INDEX "GUSTAVO_ALVA"."SYS_C008296" ON "GUSTAVO_ALVA"."ASISTENCIA_TURNOS" ("ASISTENCIA_ID") 
  PCTFREE 10 INITRANS 2 MAXTRANS 255 COMPUTE STATISTICS 
  TABLESPACE "USERS" ;
--------------------------------------------------------
--  DDL for Index SYS_C008301
--------------------------------------------------------

  CREATE UNIQUE INDEX "GUSTAVO_ALVA"."SYS_C008301" ON "GUSTAVO_ALVA"."PROVEEDORES" ("PROVEEDOR_ID") 
  PCTFREE 10 INITRANS 2 MAXTRANS 255 COMPUTE STATISTICS 
  STORAGE(INITIAL 65536 NEXT 1048576 MINEXTENTS 1 MAXEXTENTS 2147483645
  PCTINCREASE 0 FREELISTS 1 FREELIST GROUPS 1
  BUFFER_POOL DEFAULT FLASH_CACHE DEFAULT CELL_FLASH_CACHE DEFAULT)
  TABLESPACE "USERS" ;
--------------------------------------------------------
--  DDL for Index SYS_C008302
--------------------------------------------------------

  CREATE UNIQUE INDEX "GUSTAVO_ALVA"."SYS_C008302" ON "GUSTAVO_ALVA"."PROVEEDORES" ("RUC") 
  PCTFREE 10 INITRANS 2 MAXTRANS 255 COMPUTE STATISTICS 
  STORAGE(INITIAL 65536 NEXT 1048576 MINEXTENTS 1 MAXEXTENTS 2147483645
  PCTINCREASE 0 FREELISTS 1 FREELIST GROUPS 1
  BUFFER_POOL DEFAULT FLASH_CACHE DEFAULT CELL_FLASH_CACHE DEFAULT)
  TABLESPACE "USERS" ;
--------------------------------------------------------
--  DDL for Index SYS_C008306
--------------------------------------------------------

  CREATE UNIQUE INDEX "GUSTAVO_ALVA"."SYS_C008306" ON "GUSTAVO_ALVA"."INSUMOS" ("INSUMO_ID") 
  PCTFREE 10 INITRANS 2 MAXTRANS 255 COMPUTE STATISTICS 
  STORAGE(INITIAL 65536 NEXT 1048576 MINEXTENTS 1 MAXEXTENTS 2147483645
  PCTINCREASE 0 FREELISTS 1 FREELIST GROUPS 1
  BUFFER_POOL DEFAULT FLASH_CACHE DEFAULT CELL_FLASH_CACHE DEFAULT)
  TABLESPACE "USERS" ;
--------------------------------------------------------
--  DDL for Index SYS_C008313
--------------------------------------------------------

  CREATE UNIQUE INDEX "GUSTAVO_ALVA"."SYS_C008313" ON "GUSTAVO_ALVA"."MERMAS" ("MERMA_ID") 
  PCTFREE 10 INITRANS 2 MAXTRANS 255 COMPUTE STATISTICS 
  STORAGE(INITIAL 65536 NEXT 1048576 MINEXTENTS 1 MAXEXTENTS 2147483645
  PCTINCREASE 0 FREELISTS 1 FREELIST GROUPS 1
  BUFFER_POOL DEFAULT FLASH_CACHE DEFAULT CELL_FLASH_CACHE DEFAULT)
  TABLESPACE "USERS" ;
--------------------------------------------------------
--  DDL for Index SYS_C008318
--------------------------------------------------------

  CREATE UNIQUE INDEX "GUSTAVO_ALVA"."SYS_C008318" ON "GUSTAVO_ALVA"."CATEGORIAS_MENU" ("CATEGORIA_ID") 
  PCTFREE 10 INITRANS 2 MAXTRANS 255 COMPUTE STATISTICS 
  STORAGE(INITIAL 65536 NEXT 1048576 MINEXTENTS 1 MAXEXTENTS 2147483645
  PCTINCREASE 0 FREELISTS 1 FREELIST GROUPS 1
  BUFFER_POOL DEFAULT FLASH_CACHE DEFAULT CELL_FLASH_CACHE DEFAULT)
  TABLESPACE "USERS" ;
--------------------------------------------------------
--  DDL for Index SYS_C008322
--------------------------------------------------------

  CREATE UNIQUE INDEX "GUSTAVO_ALVA"."SYS_C008322" ON "GUSTAVO_ALVA"."PLATOS_MENU" ("PLATO_ID") 
  PCTFREE 10 INITRANS 2 MAXTRANS 255 COMPUTE STATISTICS 
  STORAGE(INITIAL 65536 NEXT 1048576 MINEXTENTS 1 MAXEXTENTS 2147483645
  PCTINCREASE 0 FREELISTS 1 FREELIST GROUPS 1
  BUFFER_POOL DEFAULT FLASH_CACHE DEFAULT CELL_FLASH_CACHE DEFAULT)
  TABLESPACE "USERS" ;
--------------------------------------------------------
--  DDL for Index SYS_C008326
--------------------------------------------------------

  CREATE UNIQUE INDEX "GUSTAVO_ALVA"."SYS_C008326" ON "GUSTAVO_ALVA"."RECETAS_ESCANDALLO" ("RECETA_ID") 
  PCTFREE 10 INITRANS 2 MAXTRANS 255 COMPUTE STATISTICS 
  STORAGE(INITIAL 65536 NEXT 1048576 MINEXTENTS 1 MAXEXTENTS 2147483645
  PCTINCREASE 0 FREELISTS 1 FREELIST GROUPS 1
  BUFFER_POOL DEFAULT FLASH_CACHE DEFAULT CELL_FLASH_CACHE DEFAULT)
  TABLESPACE "USERS" ;
--------------------------------------------------------
--  DDL for Index SYS_C008331
--------------------------------------------------------

  CREATE UNIQUE INDEX "GUSTAVO_ALVA"."SYS_C008331" ON "GUSTAVO_ALVA"."MESAS" ("MESA_ID") 
  PCTFREE 10 INITRANS 2 MAXTRANS 255 COMPUTE STATISTICS 
  STORAGE(INITIAL 65536 NEXT 1048576 MINEXTENTS 1 MAXEXTENTS 2147483645
  PCTINCREASE 0 FREELISTS 1 FREELIST GROUPS 1
  BUFFER_POOL DEFAULT FLASH_CACHE DEFAULT CELL_FLASH_CACHE DEFAULT)
  TABLESPACE "USERS" ;
--------------------------------------------------------
--  DDL for Index SYS_C008336
--------------------------------------------------------

  CREATE UNIQUE INDEX "GUSTAVO_ALVA"."SYS_C008336" ON "GUSTAVO_ALVA"."VENTAS_CABECERA" ("VENTA_ID") 
  PCTFREE 10 INITRANS 2 MAXTRANS 255 COMPUTE STATISTICS 
  STORAGE(INITIAL 65536 NEXT 1048576 MINEXTENTS 1 MAXEXTENTS 2147483645
  PCTINCREASE 0 FREELISTS 1 FREELIST GROUPS 1
  BUFFER_POOL DEFAULT FLASH_CACHE DEFAULT CELL_FLASH_CACHE DEFAULT)
  TABLESPACE "USERS" ;
--------------------------------------------------------
--  DDL for Index SYS_C008342
--------------------------------------------------------

  CREATE UNIQUE INDEX "GUSTAVO_ALVA"."SYS_C008342" ON "GUSTAVO_ALVA"."VENTAS_DETALLE" ("DETALLE_ID") 
  PCTFREE 10 INITRANS 2 MAXTRANS 255 COMPUTE STATISTICS 
  STORAGE(INITIAL 65536 NEXT 1048576 MINEXTENTS 1 MAXEXTENTS 2147483645
  PCTINCREASE 0 FREELISTS 1 FREELIST GROUPS 1
  BUFFER_POOL DEFAULT FLASH_CACHE DEFAULT CELL_FLASH_CACHE DEFAULT)
  TABLESPACE "USERS" ;
--------------------------------------------------------
--  DDL for Index SYS_C008346
--------------------------------------------------------

  CREATE UNIQUE INDEX "GUSTAVO_ALVA"."SYS_C008346" ON "GUSTAVO_ALVA"."COMPROBANTES_PAGO" ("COMPROBANTE_ID") 
  PCTFREE 10 INITRANS 2 MAXTRANS 255 COMPUTE STATISTICS 
  STORAGE(INITIAL 65536 NEXT 1048576 MINEXTENTS 1 MAXEXTENTS 2147483645
  PCTINCREASE 0 FREELISTS 1 FREELIST GROUPS 1
  BUFFER_POOL DEFAULT FLASH_CACHE DEFAULT CELL_FLASH_CACHE DEFAULT)
  TABLESPACE "USERS" ;
--------------------------------------------------------
--  DDL for Index SYS_C008347
--------------------------------------------------------

  CREATE UNIQUE INDEX "GUSTAVO_ALVA"."SYS_C008347" ON "GUSTAVO_ALVA"."COMPROBANTES_PAGO" ("SERIE_NUMERO") 
  PCTFREE 10 INITRANS 2 MAXTRANS 255 COMPUTE STATISTICS 
  STORAGE(INITIAL 65536 NEXT 1048576 MINEXTENTS 1 MAXEXTENTS 2147483645
  PCTINCREASE 0 FREELISTS 1 FREELIST GROUPS 1
  BUFFER_POOL DEFAULT FLASH_CACHE DEFAULT CELL_FLASH_CACHE DEFAULT)
  TABLESPACE "USERS" ;
--------------------------------------------------------
--  DDL for Index SYS_C008350
--------------------------------------------------------

  CREATE UNIQUE INDEX "GUSTAVO_ALVA"."SYS_C008350" ON "GUSTAVO_ALVA"."CAJA_DIARIA" ("CAJA_ID") 
  PCTFREE 10 INITRANS 2 MAXTRANS 255 COMPUTE STATISTICS 
  STORAGE(INITIAL 65536 NEXT 1048576 MINEXTENTS 1 MAXEXTENTS 2147483645
  PCTINCREASE 0 FREELISTS 1 FREELIST GROUPS 1
  BUFFER_POOL DEFAULT FLASH_CACHE DEFAULT CELL_FLASH_CACHE DEFAULT)
  TABLESPACE "USERS" ;
--------------------------------------------------------
--  DDL for Index SYS_C008354
--------------------------------------------------------

  CREATE UNIQUE INDEX "GUSTAVO_ALVA"."SYS_C008354" ON "GUSTAVO_ALVA"."CLIENTES" ("CLIENTE_ID") 
  PCTFREE 10 INITRANS 2 MAXTRANS 255 COMPUTE STATISTICS 
  STORAGE(INITIAL 65536 NEXT 1048576 MINEXTENTS 1 MAXEXTENTS 2147483645
  PCTINCREASE 0 FREELISTS 1 FREELIST GROUPS 1
  BUFFER_POOL DEFAULT FLASH_CACHE DEFAULT CELL_FLASH_CACHE DEFAULT)
  TABLESPACE "USERS" ;
--------------------------------------------------------
--  DDL for Index SYS_C008355
--------------------------------------------------------

  CREATE UNIQUE INDEX "GUSTAVO_ALVA"."SYS_C008355" ON "GUSTAVO_ALVA"."CLIENTES" ("DNI") 
  PCTFREE 10 INITRANS 2 MAXTRANS 255 COMPUTE STATISTICS 
  STORAGE(INITIAL 65536 NEXT 1048576 MINEXTENTS 1 MAXEXTENTS 2147483645
  PCTINCREASE 0 FREELISTS 1 FREELIST GROUPS 1
  BUFFER_POOL DEFAULT FLASH_CACHE DEFAULT CELL_FLASH_CACHE DEFAULT)
  TABLESPACE "USERS" ;
--------------------------------------------------------
--  DDL for Index SYS_C008359
--------------------------------------------------------

  CREATE UNIQUE INDEX "GUSTAVO_ALVA"."SYS_C008359" ON "GUSTAVO_ALVA"."METODOS_PAGO" ("ID_METODO_PAGO") 
  PCTFREE 10 INITRANS 2 MAXTRANS 255 COMPUTE STATISTICS 
  STORAGE(INITIAL 65536 NEXT 1048576 MINEXTENTS 1 MAXEXTENTS 2147483645
  PCTINCREASE 0 FREELISTS 1 FREELIST GROUPS 1
  BUFFER_POOL DEFAULT FLASH_CACHE DEFAULT CELL_FLASH_CACHE DEFAULT)
  TABLESPACE "USERS" ;
--------------------------------------------------------
--  DDL for Index SYS_C008360
--------------------------------------------------------

  CREATE UNIQUE INDEX "GUSTAVO_ALVA"."SYS_C008360" ON "GUSTAVO_ALVA"."METODOS_PAGO" ("NOMBRE") 
  PCTFREE 10 INITRANS 2 MAXTRANS 255 COMPUTE STATISTICS 
  STORAGE(INITIAL 65536 NEXT 1048576 MINEXTENTS 1 MAXEXTENTS 2147483645
  PCTINCREASE 0 FREELISTS 1 FREELIST GROUPS 1
  BUFFER_POOL DEFAULT FLASH_CACHE DEFAULT CELL_FLASH_CACHE DEFAULT)
  TABLESPACE "USERS" ;
--------------------------------------------------------
--  DDL for Index SYS_C008365
--------------------------------------------------------

  CREATE UNIQUE INDEX "GUSTAVO_ALVA"."SYS_C008365" ON "GUSTAVO_ALVA"."USUARIOS" ("USUARIO_ID") 
  PCTFREE 10 INITRANS 2 MAXTRANS 255 COMPUTE STATISTICS 
  STORAGE(INITIAL 65536 NEXT 1048576 MINEXTENTS 1 MAXEXTENTS 2147483645
  PCTINCREASE 0 FREELISTS 1 FREELIST GROUPS 1
  BUFFER_POOL DEFAULT FLASH_CACHE DEFAULT CELL_FLASH_CACHE DEFAULT)
  TABLESPACE "USERS" ;
--------------------------------------------------------
--  DDL for Index SYS_C008366
--------------------------------------------------------

  CREATE UNIQUE INDEX "GUSTAVO_ALVA"."SYS_C008366" ON "GUSTAVO_ALVA"."USUARIOS" ("USERNAME") 
  PCTFREE 10 INITRANS 2 MAXTRANS 255 COMPUTE STATISTICS 
  STORAGE(INITIAL 65536 NEXT 1048576 MINEXTENTS 1 MAXEXTENTS 2147483645
  PCTINCREASE 0 FREELISTS 1 FREELIST GROUPS 1
  BUFFER_POOL DEFAULT FLASH_CACHE DEFAULT CELL_FLASH_CACHE DEFAULT)
  TABLESPACE "USERS" ;
--------------------------------------------------------
--  DDL for Index SYS_C008367
--------------------------------------------------------

  CREATE UNIQUE INDEX "GUSTAVO_ALVA"."SYS_C008367" ON "GUSTAVO_ALVA"."USUARIOS" ("EMPLEADO_ID") 
  PCTFREE 10 INITRANS 2 MAXTRANS 255 COMPUTE STATISTICS 
  STORAGE(INITIAL 65536 NEXT 1048576 MINEXTENTS 1 MAXEXTENTS 2147483645
  PCTINCREASE 0 FREELISTS 1 FREELIST GROUPS 1
  BUFFER_POOL DEFAULT FLASH_CACHE DEFAULT CELL_FLASH_CACHE DEFAULT)
  TABLESPACE "USERS" ;
--------------------------------------------------------
--  DDL for Index SYS_C008296
--------------------------------------------------------

  CREATE UNIQUE INDEX "GUSTAVO_ALVA"."SYS_C008296" ON "GUSTAVO_ALVA"."ASISTENCIA_TURNOS" ("ASISTENCIA_ID") 
  PCTFREE 10 INITRANS 2 MAXTRANS 255 COMPUTE STATISTICS 
  TABLESPACE "USERS" ;
--------------------------------------------------------
--  DDL for Index SYS_C008350
--------------------------------------------------------

  CREATE UNIQUE INDEX "GUSTAVO_ALVA"."SYS_C008350" ON "GUSTAVO_ALVA"."CAJA_DIARIA" ("CAJA_ID") 
  PCTFREE 10 INITRANS 2 MAXTRANS 255 COMPUTE STATISTICS 
  STORAGE(INITIAL 65536 NEXT 1048576 MINEXTENTS 1 MAXEXTENTS 2147483645
  PCTINCREASE 0 FREELISTS 1 FREELIST GROUPS 1
  BUFFER_POOL DEFAULT FLASH_CACHE DEFAULT CELL_FLASH_CACHE DEFAULT)
  TABLESPACE "USERS" ;
--------------------------------------------------------
--  DDL for Index SYS_C008318
--------------------------------------------------------

  CREATE UNIQUE INDEX "GUSTAVO_ALVA"."SYS_C008318" ON "GUSTAVO_ALVA"."CATEGORIAS_MENU" ("CATEGORIA_ID") 
  PCTFREE 10 INITRANS 2 MAXTRANS 255 COMPUTE STATISTICS 
  STORAGE(INITIAL 65536 NEXT 1048576 MINEXTENTS 1 MAXEXTENTS 2147483645
  PCTINCREASE 0 FREELISTS 1 FREELIST GROUPS 1
  BUFFER_POOL DEFAULT FLASH_CACHE DEFAULT CELL_FLASH_CACHE DEFAULT)
  TABLESPACE "USERS" ;
--------------------------------------------------------
--  DDL for Index SYS_C008354
--------------------------------------------------------

  CREATE UNIQUE INDEX "GUSTAVO_ALVA"."SYS_C008354" ON "GUSTAVO_ALVA"."CLIENTES" ("CLIENTE_ID") 
  PCTFREE 10 INITRANS 2 MAXTRANS 255 COMPUTE STATISTICS 
  STORAGE(INITIAL 65536 NEXT 1048576 MINEXTENTS 1 MAXEXTENTS 2147483645
  PCTINCREASE 0 FREELISTS 1 FREELIST GROUPS 1
  BUFFER_POOL DEFAULT FLASH_CACHE DEFAULT CELL_FLASH_CACHE DEFAULT)
  TABLESPACE "USERS" ;
--------------------------------------------------------
--  DDL for Index SYS_C008355
--------------------------------------------------------

  CREATE UNIQUE INDEX "GUSTAVO_ALVA"."SYS_C008355" ON "GUSTAVO_ALVA"."CLIENTES" ("DNI") 
  PCTFREE 10 INITRANS 2 MAXTRANS 255 COMPUTE STATISTICS 
  STORAGE(INITIAL 65536 NEXT 1048576 MINEXTENTS 1 MAXEXTENTS 2147483645
  PCTINCREASE 0 FREELISTS 1 FREELIST GROUPS 1
  BUFFER_POOL DEFAULT FLASH_CACHE DEFAULT CELL_FLASH_CACHE DEFAULT)
  TABLESPACE "USERS" ;
--------------------------------------------------------
--  DDL for Index SYS_C008346
--------------------------------------------------------

  CREATE UNIQUE INDEX "GUSTAVO_ALVA"."SYS_C008346" ON "GUSTAVO_ALVA"."COMPROBANTES_PAGO" ("COMPROBANTE_ID") 
  PCTFREE 10 INITRANS 2 MAXTRANS 255 COMPUTE STATISTICS 
  STORAGE(INITIAL 65536 NEXT 1048576 MINEXTENTS 1 MAXEXTENTS 2147483645
  PCTINCREASE 0 FREELISTS 1 FREELIST GROUPS 1
  BUFFER_POOL DEFAULT FLASH_CACHE DEFAULT CELL_FLASH_CACHE DEFAULT)
  TABLESPACE "USERS" ;
--------------------------------------------------------
--  DDL for Index SYS_C008347
--------------------------------------------------------

  CREATE UNIQUE INDEX "GUSTAVO_ALVA"."SYS_C008347" ON "GUSTAVO_ALVA"."COMPROBANTES_PAGO" ("SERIE_NUMERO") 
  PCTFREE 10 INITRANS 2 MAXTRANS 255 COMPUTE STATISTICS 
  STORAGE(INITIAL 65536 NEXT 1048576 MINEXTENTS 1 MAXEXTENTS 2147483645
  PCTINCREASE 0 FREELISTS 1 FREELIST GROUPS 1
  BUFFER_POOL DEFAULT FLASH_CACHE DEFAULT CELL_FLASH_CACHE DEFAULT)
  TABLESPACE "USERS" ;
--------------------------------------------------------
--  DDL for Index SYS_C008292
--------------------------------------------------------

  CREATE UNIQUE INDEX "GUSTAVO_ALVA"."SYS_C008292" ON "GUSTAVO_ALVA"."EMPLEADOS" ("EMPLEADO_ID") 
  PCTFREE 10 INITRANS 2 MAXTRANS 255 COMPUTE STATISTICS 
  STORAGE(INITIAL 65536 NEXT 1048576 MINEXTENTS 1 MAXEXTENTS 2147483645
  PCTINCREASE 0 FREELISTS 1 FREELIST GROUPS 1
  BUFFER_POOL DEFAULT FLASH_CACHE DEFAULT CELL_FLASH_CACHE DEFAULT)
  TABLESPACE "USERS" ;
--------------------------------------------------------
--  DDL for Index SYS_C008293
--------------------------------------------------------

  CREATE UNIQUE INDEX "GUSTAVO_ALVA"."SYS_C008293" ON "GUSTAVO_ALVA"."EMPLEADOS" ("DNI") 
  PCTFREE 10 INITRANS 2 MAXTRANS 255 COMPUTE STATISTICS 
  STORAGE(INITIAL 65536 NEXT 1048576 MINEXTENTS 1 MAXEXTENTS 2147483645
  PCTINCREASE 0 FREELISTS 1 FREELIST GROUPS 1
  BUFFER_POOL DEFAULT FLASH_CACHE DEFAULT CELL_FLASH_CACHE DEFAULT)
  TABLESPACE "USERS" ;
--------------------------------------------------------
--  DDL for Index SYS_C008306
--------------------------------------------------------

  CREATE UNIQUE INDEX "GUSTAVO_ALVA"."SYS_C008306" ON "GUSTAVO_ALVA"."INSUMOS" ("INSUMO_ID") 
  PCTFREE 10 INITRANS 2 MAXTRANS 255 COMPUTE STATISTICS 
  STORAGE(INITIAL 65536 NEXT 1048576 MINEXTENTS 1 MAXEXTENTS 2147483645
  PCTINCREASE 0 FREELISTS 1 FREELIST GROUPS 1
  BUFFER_POOL DEFAULT FLASH_CACHE DEFAULT CELL_FLASH_CACHE DEFAULT)
  TABLESPACE "USERS" ;
--------------------------------------------------------
--  DDL for Index SYS_C008313
--------------------------------------------------------

  CREATE UNIQUE INDEX "GUSTAVO_ALVA"."SYS_C008313" ON "GUSTAVO_ALVA"."MERMAS" ("MERMA_ID") 
  PCTFREE 10 INITRANS 2 MAXTRANS 255 COMPUTE STATISTICS 
  STORAGE(INITIAL 65536 NEXT 1048576 MINEXTENTS 1 MAXEXTENTS 2147483645
  PCTINCREASE 0 FREELISTS 1 FREELIST GROUPS 1
  BUFFER_POOL DEFAULT FLASH_CACHE DEFAULT CELL_FLASH_CACHE DEFAULT)
  TABLESPACE "USERS" ;
--------------------------------------------------------
--  DDL for Index SYS_C008331
--------------------------------------------------------

  CREATE UNIQUE INDEX "GUSTAVO_ALVA"."SYS_C008331" ON "GUSTAVO_ALVA"."MESAS" ("MESA_ID") 
  PCTFREE 10 INITRANS 2 MAXTRANS 255 COMPUTE STATISTICS 
  STORAGE(INITIAL 65536 NEXT 1048576 MINEXTENTS 1 MAXEXTENTS 2147483645
  PCTINCREASE 0 FREELISTS 1 FREELIST GROUPS 1
  BUFFER_POOL DEFAULT FLASH_CACHE DEFAULT CELL_FLASH_CACHE DEFAULT)
  TABLESPACE "USERS" ;
--------------------------------------------------------
--  DDL for Index SYS_C008359
--------------------------------------------------------

  CREATE UNIQUE INDEX "GUSTAVO_ALVA"."SYS_C008359" ON "GUSTAVO_ALVA"."METODOS_PAGO" ("ID_METODO_PAGO") 
  PCTFREE 10 INITRANS 2 MAXTRANS 255 COMPUTE STATISTICS 
  STORAGE(INITIAL 65536 NEXT 1048576 MINEXTENTS 1 MAXEXTENTS 2147483645
  PCTINCREASE 0 FREELISTS 1 FREELIST GROUPS 1
  BUFFER_POOL DEFAULT FLASH_CACHE DEFAULT CELL_FLASH_CACHE DEFAULT)
  TABLESPACE "USERS" ;
--------------------------------------------------------
--  DDL for Index SYS_C008360
--------------------------------------------------------

  CREATE UNIQUE INDEX "GUSTAVO_ALVA"."SYS_C008360" ON "GUSTAVO_ALVA"."METODOS_PAGO" ("NOMBRE") 
  PCTFREE 10 INITRANS 2 MAXTRANS 255 COMPUTE STATISTICS 
  STORAGE(INITIAL 65536 NEXT 1048576 MINEXTENTS 1 MAXEXTENTS 2147483645
  PCTINCREASE 0 FREELISTS 1 FREELIST GROUPS 1
  BUFFER_POOL DEFAULT FLASH_CACHE DEFAULT CELL_FLASH_CACHE DEFAULT)
  TABLESPACE "USERS" ;
--------------------------------------------------------
--  DDL for Index SYS_C008322
--------------------------------------------------------

  CREATE UNIQUE INDEX "GUSTAVO_ALVA"."SYS_C008322" ON "GUSTAVO_ALVA"."PLATOS_MENU" ("PLATO_ID") 
  PCTFREE 10 INITRANS 2 MAXTRANS 255 COMPUTE STATISTICS 
  STORAGE(INITIAL 65536 NEXT 1048576 MINEXTENTS 1 MAXEXTENTS 2147483645
  PCTINCREASE 0 FREELISTS 1 FREELIST GROUPS 1
  BUFFER_POOL DEFAULT FLASH_CACHE DEFAULT CELL_FLASH_CACHE DEFAULT)
  TABLESPACE "USERS" ;
--------------------------------------------------------
--  DDL for Index SYS_C008301
--------------------------------------------------------

  CREATE UNIQUE INDEX "GUSTAVO_ALVA"."SYS_C008301" ON "GUSTAVO_ALVA"."PROVEEDORES" ("PROVEEDOR_ID") 
  PCTFREE 10 INITRANS 2 MAXTRANS 255 COMPUTE STATISTICS 
  STORAGE(INITIAL 65536 NEXT 1048576 MINEXTENTS 1 MAXEXTENTS 2147483645
  PCTINCREASE 0 FREELISTS 1 FREELIST GROUPS 1
  BUFFER_POOL DEFAULT FLASH_CACHE DEFAULT CELL_FLASH_CACHE DEFAULT)
  TABLESPACE "USERS" ;
--------------------------------------------------------
--  DDL for Index SYS_C008302
--------------------------------------------------------

  CREATE UNIQUE INDEX "GUSTAVO_ALVA"."SYS_C008302" ON "GUSTAVO_ALVA"."PROVEEDORES" ("RUC") 
  PCTFREE 10 INITRANS 2 MAXTRANS 255 COMPUTE STATISTICS 
  STORAGE(INITIAL 65536 NEXT 1048576 MINEXTENTS 1 MAXEXTENTS 2147483645
  PCTINCREASE 0 FREELISTS 1 FREELIST GROUPS 1
  BUFFER_POOL DEFAULT FLASH_CACHE DEFAULT CELL_FLASH_CACHE DEFAULT)
  TABLESPACE "USERS" ;
--------------------------------------------------------
--  DDL for Index SYS_C008326
--------------------------------------------------------

  CREATE UNIQUE INDEX "GUSTAVO_ALVA"."SYS_C008326" ON "GUSTAVO_ALVA"."RECETAS_ESCANDALLO" ("RECETA_ID") 
  PCTFREE 10 INITRANS 2 MAXTRANS 255 COMPUTE STATISTICS 
  STORAGE(INITIAL 65536 NEXT 1048576 MINEXTENTS 1 MAXEXTENTS 2147483645
  PCTINCREASE 0 FREELISTS 1 FREELIST GROUPS 1
  BUFFER_POOL DEFAULT FLASH_CACHE DEFAULT CELL_FLASH_CACHE DEFAULT)
  TABLESPACE "USERS" ;
--------------------------------------------------------
--  DDL for Index SYS_C008288
--------------------------------------------------------

  CREATE UNIQUE INDEX "GUSTAVO_ALVA"."SYS_C008288" ON "GUSTAVO_ALVA"."ROLES" ("ROL_ID") 
  PCTFREE 10 INITRANS 2 MAXTRANS 255 COMPUTE STATISTICS 
  STORAGE(INITIAL 65536 NEXT 1048576 MINEXTENTS 1 MAXEXTENTS 2147483645
  PCTINCREASE 0 FREELISTS 1 FREELIST GROUPS 1
  BUFFER_POOL DEFAULT FLASH_CACHE DEFAULT CELL_FLASH_CACHE DEFAULT)
  TABLESPACE "USERS" ;
--------------------------------------------------------
--  DDL for Index SYS_C008365
--------------------------------------------------------

  CREATE UNIQUE INDEX "GUSTAVO_ALVA"."SYS_C008365" ON "GUSTAVO_ALVA"."USUARIOS" ("USUARIO_ID") 
  PCTFREE 10 INITRANS 2 MAXTRANS 255 COMPUTE STATISTICS 
  STORAGE(INITIAL 65536 NEXT 1048576 MINEXTENTS 1 MAXEXTENTS 2147483645
  PCTINCREASE 0 FREELISTS 1 FREELIST GROUPS 1
  BUFFER_POOL DEFAULT FLASH_CACHE DEFAULT CELL_FLASH_CACHE DEFAULT)
  TABLESPACE "USERS" ;
--------------------------------------------------------
--  DDL for Index SYS_C008366
--------------------------------------------------------

  CREATE UNIQUE INDEX "GUSTAVO_ALVA"."SYS_C008366" ON "GUSTAVO_ALVA"."USUARIOS" ("USERNAME") 
  PCTFREE 10 INITRANS 2 MAXTRANS 255 COMPUTE STATISTICS 
  STORAGE(INITIAL 65536 NEXT 1048576 MINEXTENTS 1 MAXEXTENTS 2147483645
  PCTINCREASE 0 FREELISTS 1 FREELIST GROUPS 1
  BUFFER_POOL DEFAULT FLASH_CACHE DEFAULT CELL_FLASH_CACHE DEFAULT)
  TABLESPACE "USERS" ;
--------------------------------------------------------
--  DDL for Index SYS_C008367
--------------------------------------------------------

  CREATE UNIQUE INDEX "GUSTAVO_ALVA"."SYS_C008367" ON "GUSTAVO_ALVA"."USUARIOS" ("EMPLEADO_ID") 
  PCTFREE 10 INITRANS 2 MAXTRANS 255 COMPUTE STATISTICS 
  STORAGE(INITIAL 65536 NEXT 1048576 MINEXTENTS 1 MAXEXTENTS 2147483645
  PCTINCREASE 0 FREELISTS 1 FREELIST GROUPS 1
  BUFFER_POOL DEFAULT FLASH_CACHE DEFAULT CELL_FLASH_CACHE DEFAULT)
  TABLESPACE "USERS" ;
--------------------------------------------------------
--  DDL for Index SYS_C008336
--------------------------------------------------------

  CREATE UNIQUE INDEX "GUSTAVO_ALVA"."SYS_C008336" ON "GUSTAVO_ALVA"."VENTAS_CABECERA" ("VENTA_ID") 
  PCTFREE 10 INITRANS 2 MAXTRANS 255 COMPUTE STATISTICS 
  STORAGE(INITIAL 65536 NEXT 1048576 MINEXTENTS 1 MAXEXTENTS 2147483645
  PCTINCREASE 0 FREELISTS 1 FREELIST GROUPS 1
  BUFFER_POOL DEFAULT FLASH_CACHE DEFAULT CELL_FLASH_CACHE DEFAULT)
  TABLESPACE "USERS" ;
--------------------------------------------------------
--  DDL for Index SYS_C008342
--------------------------------------------------------

  CREATE UNIQUE INDEX "GUSTAVO_ALVA"."SYS_C008342" ON "GUSTAVO_ALVA"."VENTAS_DETALLE" ("DETALLE_ID") 
  PCTFREE 10 INITRANS 2 MAXTRANS 255 COMPUTE STATISTICS 
  STORAGE(INITIAL 65536 NEXT 1048576 MINEXTENTS 1 MAXEXTENTS 2147483645
  PCTINCREASE 0 FREELISTS 1 FREELIST GROUPS 1
  BUFFER_POOL DEFAULT FLASH_CACHE DEFAULT CELL_FLASH_CACHE DEFAULT)
  TABLESPACE "USERS" ;
--------------------------------------------------------
--  Constraints for Table ASISTENCIA_TURNOS
--------------------------------------------------------

  ALTER TABLE "GUSTAVO_ALVA"."ASISTENCIA_TURNOS" MODIFY ("ASISTENCIA_ID" NOT NULL ENABLE);
  ALTER TABLE "GUSTAVO_ALVA"."ASISTENCIA_TURNOS" ADD PRIMARY KEY ("ASISTENCIA_ID")
  USING INDEX PCTFREE 10 INITRANS 2 MAXTRANS 255 COMPUTE STATISTICS 
  TABLESPACE "USERS"  ENABLE;
--------------------------------------------------------
--  Constraints for Table CAJA_DIARIA
--------------------------------------------------------

  ALTER TABLE "GUSTAVO_ALVA"."CAJA_DIARIA" MODIFY ("CAJA_ID" NOT NULL ENABLE);
  ALTER TABLE "GUSTAVO_ALVA"."CAJA_DIARIA" ADD PRIMARY KEY ("CAJA_ID")
  USING INDEX PCTFREE 10 INITRANS 2 MAXTRANS 255 COMPUTE STATISTICS 
  STORAGE(INITIAL 65536 NEXT 1048576 MINEXTENTS 1 MAXEXTENTS 2147483645
  PCTINCREASE 0 FREELISTS 1 FREELIST GROUPS 1
  BUFFER_POOL DEFAULT FLASH_CACHE DEFAULT CELL_FLASH_CACHE DEFAULT)
  TABLESPACE "USERS"  ENABLE;
--------------------------------------------------------
--  Constraints for Table CATEGORIAS_MENU
--------------------------------------------------------

  ALTER TABLE "GUSTAVO_ALVA"."CATEGORIAS_MENU" MODIFY ("CATEGORIA_ID" NOT NULL ENABLE);
  ALTER TABLE "GUSTAVO_ALVA"."CATEGORIAS_MENU" MODIFY ("NOMBRE_CATEGORIA" NOT NULL ENABLE);
  ALTER TABLE "GUSTAVO_ALVA"."CATEGORIAS_MENU" ADD PRIMARY KEY ("CATEGORIA_ID")
  USING INDEX PCTFREE 10 INITRANS 2 MAXTRANS 255 COMPUTE STATISTICS 
  STORAGE(INITIAL 65536 NEXT 1048576 MINEXTENTS 1 MAXEXTENTS 2147483645
  PCTINCREASE 0 FREELISTS 1 FREELIST GROUPS 1
  BUFFER_POOL DEFAULT FLASH_CACHE DEFAULT CELL_FLASH_CACHE DEFAULT)
  TABLESPACE "USERS"  ENABLE;
--------------------------------------------------------
--  Constraints for Table CLIENTES
--------------------------------------------------------

  ALTER TABLE "GUSTAVO_ALVA"."CLIENTES" MODIFY ("CLIENTE_ID" NOT NULL ENABLE);
  ALTER TABLE "GUSTAVO_ALVA"."CLIENTES" MODIFY ("NOMBRE" NOT NULL ENABLE);
  ALTER TABLE "GUSTAVO_ALVA"."CLIENTES" ADD PRIMARY KEY ("CLIENTE_ID")
  USING INDEX PCTFREE 10 INITRANS 2 MAXTRANS 255 COMPUTE STATISTICS 
  STORAGE(INITIAL 65536 NEXT 1048576 MINEXTENTS 1 MAXEXTENTS 2147483645
  PCTINCREASE 0 FREELISTS 1 FREELIST GROUPS 1
  BUFFER_POOL DEFAULT FLASH_CACHE DEFAULT CELL_FLASH_CACHE DEFAULT)
  TABLESPACE "USERS"  ENABLE;
  ALTER TABLE "GUSTAVO_ALVA"."CLIENTES" ADD UNIQUE ("DNI")
  USING INDEX PCTFREE 10 INITRANS 2 MAXTRANS 255 COMPUTE STATISTICS 
  STORAGE(INITIAL 65536 NEXT 1048576 MINEXTENTS 1 MAXEXTENTS 2147483645
  PCTINCREASE 0 FREELISTS 1 FREELIST GROUPS 1
  BUFFER_POOL DEFAULT FLASH_CACHE DEFAULT CELL_FLASH_CACHE DEFAULT)
  TABLESPACE "USERS"  ENABLE;
  ALTER TABLE "GUSTAVO_ALVA"."CLIENTES" MODIFY ("ESTADO" NOT NULL ENABLE);
--------------------------------------------------------
--  Constraints for Table COMPROBANTES_PAGO
--------------------------------------------------------

  ALTER TABLE "GUSTAVO_ALVA"."COMPROBANTES_PAGO" MODIFY ("COMPROBANTE_ID" NOT NULL ENABLE);
  ALTER TABLE "GUSTAVO_ALVA"."COMPROBANTES_PAGO" ADD PRIMARY KEY ("COMPROBANTE_ID")
  USING INDEX PCTFREE 10 INITRANS 2 MAXTRANS 255 COMPUTE STATISTICS 
  STORAGE(INITIAL 65536 NEXT 1048576 MINEXTENTS 1 MAXEXTENTS 2147483645
  PCTINCREASE 0 FREELISTS 1 FREELIST GROUPS 1
  BUFFER_POOL DEFAULT FLASH_CACHE DEFAULT CELL_FLASH_CACHE DEFAULT)
  TABLESPACE "USERS"  ENABLE;
  ALTER TABLE "GUSTAVO_ALVA"."COMPROBANTES_PAGO" ADD UNIQUE ("SERIE_NUMERO")
  USING INDEX PCTFREE 10 INITRANS 2 MAXTRANS 255 COMPUTE STATISTICS 
  STORAGE(INITIAL 65536 NEXT 1048576 MINEXTENTS 1 MAXEXTENTS 2147483645
  PCTINCREASE 0 FREELISTS 1 FREELIST GROUPS 1
  BUFFER_POOL DEFAULT FLASH_CACHE DEFAULT CELL_FLASH_CACHE DEFAULT)
  TABLESPACE "USERS"  ENABLE;
--------------------------------------------------------
--  Constraints for Table EMPLEADOS
--------------------------------------------------------

  ALTER TABLE "GUSTAVO_ALVA"."EMPLEADOS" MODIFY ("EMPLEADO_ID" NOT NULL ENABLE);
  ALTER TABLE "GUSTAVO_ALVA"."EMPLEADOS" MODIFY ("NOMBRE" NOT NULL ENABLE);
  ALTER TABLE "GUSTAVO_ALVA"."EMPLEADOS" MODIFY ("DNI" NOT NULL ENABLE);
  ALTER TABLE "GUSTAVO_ALVA"."EMPLEADOS" ADD PRIMARY KEY ("EMPLEADO_ID")
  USING INDEX PCTFREE 10 INITRANS 2 MAXTRANS 255 COMPUTE STATISTICS 
  STORAGE(INITIAL 65536 NEXT 1048576 MINEXTENTS 1 MAXEXTENTS 2147483645
  PCTINCREASE 0 FREELISTS 1 FREELIST GROUPS 1
  BUFFER_POOL DEFAULT FLASH_CACHE DEFAULT CELL_FLASH_CACHE DEFAULT)
  TABLESPACE "USERS"  ENABLE;
  ALTER TABLE "GUSTAVO_ALVA"."EMPLEADOS" ADD UNIQUE ("DNI")
  USING INDEX PCTFREE 10 INITRANS 2 MAXTRANS 255 COMPUTE STATISTICS 
  STORAGE(INITIAL 65536 NEXT 1048576 MINEXTENTS 1 MAXEXTENTS 2147483645
  PCTINCREASE 0 FREELISTS 1 FREELIST GROUPS 1
  BUFFER_POOL DEFAULT FLASH_CACHE DEFAULT CELL_FLASH_CACHE DEFAULT)
  TABLESPACE "USERS"  ENABLE;
--------------------------------------------------------
--  Constraints for Table INSUMOS
--------------------------------------------------------

  ALTER TABLE "GUSTAVO_ALVA"."INSUMOS" MODIFY ("INSUMO_ID" NOT NULL ENABLE);
  ALTER TABLE "GUSTAVO_ALVA"."INSUMOS" MODIFY ("NOMBRE_INSUMO" NOT NULL ENABLE);
  ALTER TABLE "GUSTAVO_ALVA"."INSUMOS" MODIFY ("UNIDAD_MEDIDA" NOT NULL ENABLE);
  ALTER TABLE "GUSTAVO_ALVA"."INSUMOS" ADD PRIMARY KEY ("INSUMO_ID")
  USING INDEX PCTFREE 10 INITRANS 2 MAXTRANS 255 COMPUTE STATISTICS 
  STORAGE(INITIAL 65536 NEXT 1048576 MINEXTENTS 1 MAXEXTENTS 2147483645
  PCTINCREASE 0 FREELISTS 1 FREELIST GROUPS 1
  BUFFER_POOL DEFAULT FLASH_CACHE DEFAULT CELL_FLASH_CACHE DEFAULT)
  TABLESPACE "USERS"  ENABLE;
--------------------------------------------------------
--  Constraints for Table MERMAS
--------------------------------------------------------

  ALTER TABLE "GUSTAVO_ALVA"."MERMAS" MODIFY ("MERMA_ID" NOT NULL ENABLE);
  ALTER TABLE "GUSTAVO_ALVA"."MERMAS" MODIFY ("CANTIDAD" NOT NULL ENABLE);
  ALTER TABLE "GUSTAVO_ALVA"."MERMAS" ADD PRIMARY KEY ("MERMA_ID")
  USING INDEX PCTFREE 10 INITRANS 2 MAXTRANS 255 COMPUTE STATISTICS 
  STORAGE(INITIAL 65536 NEXT 1048576 MINEXTENTS 1 MAXEXTENTS 2147483645
  PCTINCREASE 0 FREELISTS 1 FREELIST GROUPS 1
  BUFFER_POOL DEFAULT FLASH_CACHE DEFAULT CELL_FLASH_CACHE DEFAULT)
  TABLESPACE "USERS"  ENABLE;
--------------------------------------------------------
--  Constraints for Table MESAS
--------------------------------------------------------

  ALTER TABLE "GUSTAVO_ALVA"."MESAS" MODIFY ("MESA_ID" NOT NULL ENABLE);
  ALTER TABLE "GUSTAVO_ALVA"."MESAS" MODIFY ("NUMERO_MESA" NOT NULL ENABLE);
  ALTER TABLE "GUSTAVO_ALVA"."MESAS" ADD PRIMARY KEY ("MESA_ID")
  USING INDEX PCTFREE 10 INITRANS 2 MAXTRANS 255 COMPUTE STATISTICS 
  STORAGE(INITIAL 65536 NEXT 1048576 MINEXTENTS 1 MAXEXTENTS 2147483645
  PCTINCREASE 0 FREELISTS 1 FREELIST GROUPS 1
  BUFFER_POOL DEFAULT FLASH_CACHE DEFAULT CELL_FLASH_CACHE DEFAULT)
  TABLESPACE "USERS"  ENABLE;
--------------------------------------------------------
--  Constraints for Table METODOS_PAGO
--------------------------------------------------------

  ALTER TABLE "GUSTAVO_ALVA"."METODOS_PAGO" MODIFY ("NOMBRE" NOT NULL ENABLE);
  ALTER TABLE "GUSTAVO_ALVA"."METODOS_PAGO" ADD PRIMARY KEY ("ID_METODO_PAGO")
  USING INDEX PCTFREE 10 INITRANS 2 MAXTRANS 255 COMPUTE STATISTICS 
  STORAGE(INITIAL 65536 NEXT 1048576 MINEXTENTS 1 MAXEXTENTS 2147483645
  PCTINCREASE 0 FREELISTS 1 FREELIST GROUPS 1
  BUFFER_POOL DEFAULT FLASH_CACHE DEFAULT CELL_FLASH_CACHE DEFAULT)
  TABLESPACE "USERS"  ENABLE;
  ALTER TABLE "GUSTAVO_ALVA"."METODOS_PAGO" ADD UNIQUE ("NOMBRE")
  USING INDEX PCTFREE 10 INITRANS 2 MAXTRANS 255 COMPUTE STATISTICS 
  STORAGE(INITIAL 65536 NEXT 1048576 MINEXTENTS 1 MAXEXTENTS 2147483645
  PCTINCREASE 0 FREELISTS 1 FREELIST GROUPS 1
  BUFFER_POOL DEFAULT FLASH_CACHE DEFAULT CELL_FLASH_CACHE DEFAULT)
  TABLESPACE "USERS"  ENABLE;
--------------------------------------------------------
--  Constraints for Table PLATOS_MENU
--------------------------------------------------------

  ALTER TABLE "GUSTAVO_ALVA"."PLATOS_MENU" MODIFY ("PLATO_ID" NOT NULL ENABLE);
  ALTER TABLE "GUSTAVO_ALVA"."PLATOS_MENU" MODIFY ("NOMBRE_PLATO" NOT NULL ENABLE);
  ALTER TABLE "GUSTAVO_ALVA"."PLATOS_MENU" MODIFY ("PRECIO_VENTA" NOT NULL ENABLE);
  ALTER TABLE "GUSTAVO_ALVA"."PLATOS_MENU" ADD PRIMARY KEY ("PLATO_ID")
  USING INDEX PCTFREE 10 INITRANS 2 MAXTRANS 255 COMPUTE STATISTICS 
  STORAGE(INITIAL 65536 NEXT 1048576 MINEXTENTS 1 MAXEXTENTS 2147483645
  PCTINCREASE 0 FREELISTS 1 FREELIST GROUPS 1
  BUFFER_POOL DEFAULT FLASH_CACHE DEFAULT CELL_FLASH_CACHE DEFAULT)
  TABLESPACE "USERS"  ENABLE;
--------------------------------------------------------
--  Constraints for Table PROVEEDORES
--------------------------------------------------------

  ALTER TABLE "GUSTAVO_ALVA"."PROVEEDORES" MODIFY ("PROVEEDOR_ID" NOT NULL ENABLE);
  ALTER TABLE "GUSTAVO_ALVA"."PROVEEDORES" MODIFY ("RUC" NOT NULL ENABLE);
  ALTER TABLE "GUSTAVO_ALVA"."PROVEEDORES" MODIFY ("NOMBRE_EMPRESA" NOT NULL ENABLE);
  ALTER TABLE "GUSTAVO_ALVA"."PROVEEDORES" ADD PRIMARY KEY ("PROVEEDOR_ID")
  USING INDEX PCTFREE 10 INITRANS 2 MAXTRANS 255 COMPUTE STATISTICS 
  STORAGE(INITIAL 65536 NEXT 1048576 MINEXTENTS 1 MAXEXTENTS 2147483645
  PCTINCREASE 0 FREELISTS 1 FREELIST GROUPS 1
  BUFFER_POOL DEFAULT FLASH_CACHE DEFAULT CELL_FLASH_CACHE DEFAULT)
  TABLESPACE "USERS"  ENABLE;
  ALTER TABLE "GUSTAVO_ALVA"."PROVEEDORES" ADD UNIQUE ("RUC")
  USING INDEX PCTFREE 10 INITRANS 2 MAXTRANS 255 COMPUTE STATISTICS 
  STORAGE(INITIAL 65536 NEXT 1048576 MINEXTENTS 1 MAXEXTENTS 2147483645
  PCTINCREASE 0 FREELISTS 1 FREELIST GROUPS 1
  BUFFER_POOL DEFAULT FLASH_CACHE DEFAULT CELL_FLASH_CACHE DEFAULT)
  TABLESPACE "USERS"  ENABLE;
--------------------------------------------------------
--  Constraints for Table RECETAS_ESCANDALLO
--------------------------------------------------------

  ALTER TABLE "GUSTAVO_ALVA"."RECETAS_ESCANDALLO" MODIFY ("RECETA_ID" NOT NULL ENABLE);
  ALTER TABLE "GUSTAVO_ALVA"."RECETAS_ESCANDALLO" MODIFY ("CANTIDAD_REQUERIDA" NOT NULL ENABLE);
  ALTER TABLE "GUSTAVO_ALVA"."RECETAS_ESCANDALLO" ADD PRIMARY KEY ("RECETA_ID")
  USING INDEX PCTFREE 10 INITRANS 2 MAXTRANS 255 COMPUTE STATISTICS 
  STORAGE(INITIAL 65536 NEXT 1048576 MINEXTENTS 1 MAXEXTENTS 2147483645
  PCTINCREASE 0 FREELISTS 1 FREELIST GROUPS 1
  BUFFER_POOL DEFAULT FLASH_CACHE DEFAULT CELL_FLASH_CACHE DEFAULT)
  TABLESPACE "USERS"  ENABLE;
--------------------------------------------------------
--  Constraints for Table ROLES
--------------------------------------------------------

  ALTER TABLE "GUSTAVO_ALVA"."ROLES" MODIFY ("ROL_ID" NOT NULL ENABLE);
  ALTER TABLE "GUSTAVO_ALVA"."ROLES" MODIFY ("NOMBRE_ROL" NOT NULL ENABLE);
  ALTER TABLE "GUSTAVO_ALVA"."ROLES" ADD PRIMARY KEY ("ROL_ID")
  USING INDEX PCTFREE 10 INITRANS 2 MAXTRANS 255 COMPUTE STATISTICS 
  STORAGE(INITIAL 65536 NEXT 1048576 MINEXTENTS 1 MAXEXTENTS 2147483645
  PCTINCREASE 0 FREELISTS 1 FREELIST GROUPS 1
  BUFFER_POOL DEFAULT FLASH_CACHE DEFAULT CELL_FLASH_CACHE DEFAULT)
  TABLESPACE "USERS"  ENABLE;
--------------------------------------------------------
--  Constraints for Table USUARIOS
--------------------------------------------------------

  ALTER TABLE "GUSTAVO_ALVA"."USUARIOS" MODIFY ("USERNAME" NOT NULL ENABLE);
  ALTER TABLE "GUSTAVO_ALVA"."USUARIOS" MODIFY ("PASSWORD_HASH" NOT NULL ENABLE);
  ALTER TABLE "GUSTAVO_ALVA"."USUARIOS" MODIFY ("ROL_ID" NOT NULL ENABLE);
  ALTER TABLE "GUSTAVO_ALVA"."USUARIOS" ADD PRIMARY KEY ("USUARIO_ID")
  USING INDEX PCTFREE 10 INITRANS 2 MAXTRANS 255 COMPUTE STATISTICS 
  STORAGE(INITIAL 65536 NEXT 1048576 MINEXTENTS 1 MAXEXTENTS 2147483645
  PCTINCREASE 0 FREELISTS 1 FREELIST GROUPS 1
  BUFFER_POOL DEFAULT FLASH_CACHE DEFAULT CELL_FLASH_CACHE DEFAULT)
  TABLESPACE "USERS"  ENABLE;
  ALTER TABLE "GUSTAVO_ALVA"."USUARIOS" ADD UNIQUE ("USERNAME")
  USING INDEX PCTFREE 10 INITRANS 2 MAXTRANS 255 COMPUTE STATISTICS 
  STORAGE(INITIAL 65536 NEXT 1048576 MINEXTENTS 1 MAXEXTENTS 2147483645
  PCTINCREASE 0 FREELISTS 1 FREELIST GROUPS 1
  BUFFER_POOL DEFAULT FLASH_CACHE DEFAULT CELL_FLASH_CACHE DEFAULT)
  TABLESPACE "USERS"  ENABLE;
  ALTER TABLE "GUSTAVO_ALVA"."USUARIOS" ADD UNIQUE ("EMPLEADO_ID")
  USING INDEX PCTFREE 10 INITRANS 2 MAXTRANS 255 COMPUTE STATISTICS 
  STORAGE(INITIAL 65536 NEXT 1048576 MINEXTENTS 1 MAXEXTENTS 2147483645
  PCTINCREASE 0 FREELISTS 1 FREELIST GROUPS 1
  BUFFER_POOL DEFAULT FLASH_CACHE DEFAULT CELL_FLASH_CACHE DEFAULT)
  TABLESPACE "USERS"  ENABLE;
--------------------------------------------------------
--  Constraints for Table VENTAS_CABECERA
--------------------------------------------------------

  ALTER TABLE "GUSTAVO_ALVA"."VENTAS_CABECERA" MODIFY ("VENTA_ID" NOT NULL ENABLE);
  ALTER TABLE "GUSTAVO_ALVA"."VENTAS_CABECERA" ADD PRIMARY KEY ("VENTA_ID")
  USING INDEX PCTFREE 10 INITRANS 2 MAXTRANS 255 COMPUTE STATISTICS 
  STORAGE(INITIAL 65536 NEXT 1048576 MINEXTENTS 1 MAXEXTENTS 2147483645
  PCTINCREASE 0 FREELISTS 1 FREELIST GROUPS 1
  BUFFER_POOL DEFAULT FLASH_CACHE DEFAULT CELL_FLASH_CACHE DEFAULT)
  TABLESPACE "USERS"  ENABLE;
--------------------------------------------------------
--  Constraints for Table VENTAS_DETALLE
--------------------------------------------------------

  ALTER TABLE "GUSTAVO_ALVA"."VENTAS_DETALLE" MODIFY ("DETALLE_ID" NOT NULL ENABLE);
  ALTER TABLE "GUSTAVO_ALVA"."VENTAS_DETALLE" MODIFY ("CANTIDAD" NOT NULL ENABLE);
  ALTER TABLE "GUSTAVO_ALVA"."VENTAS_DETALLE" ADD PRIMARY KEY ("DETALLE_ID")
  USING INDEX PCTFREE 10 INITRANS 2 MAXTRANS 255 COMPUTE STATISTICS 
  STORAGE(INITIAL 65536 NEXT 1048576 MINEXTENTS 1 MAXEXTENTS 2147483645
  PCTINCREASE 0 FREELISTS 1 FREELIST GROUPS 1
  BUFFER_POOL DEFAULT FLASH_CACHE DEFAULT CELL_FLASH_CACHE DEFAULT)
  TABLESPACE "USERS"  ENABLE;
--------------------------------------------------------
--  Ref Constraints for Table ASISTENCIA_TURNOS
--------------------------------------------------------

  ALTER TABLE "GUSTAVO_ALVA"."ASISTENCIA_TURNOS" ADD CONSTRAINT "FK_ASISTENCIA_EMP" FOREIGN KEY ("EMPLEADO_ID")
	  REFERENCES "GUSTAVO_ALVA"."EMPLEADOS" ("EMPLEADO_ID") ENABLE;
--------------------------------------------------------
--  Ref Constraints for Table CAJA_DIARIA
--------------------------------------------------------

  ALTER TABLE "GUSTAVO_ALVA"."CAJA_DIARIA" ADD CONSTRAINT "FK_CAJA_EMP" FOREIGN KEY ("EMPLEADO_ID")
	  REFERENCES "GUSTAVO_ALVA"."EMPLEADOS" ("EMPLEADO_ID") ENABLE;
--------------------------------------------------------
--  Ref Constraints for Table COMPROBANTES_PAGO
--------------------------------------------------------

  ALTER TABLE "GUSTAVO_ALVA"."COMPROBANTES_PAGO" ADD CONSTRAINT "FK_COMP_VENTA" FOREIGN KEY ("VENTA_ID")
	  REFERENCES "GUSTAVO_ALVA"."VENTAS_CABECERA" ("VENTA_ID") ENABLE;
  ALTER TABLE "GUSTAVO_ALVA"."COMPROBANTES_PAGO" ADD CONSTRAINT "FK_CP_METODO" FOREIGN KEY ("ID_METODO")
	  REFERENCES "GUSTAVO_ALVA"."METODOS_PAGO" ("ID_METODO_PAGO") ENABLE;
--------------------------------------------------------
--  Ref Constraints for Table INSUMOS
--------------------------------------------------------

  ALTER TABLE "GUSTAVO_ALVA"."INSUMOS" ADD CONSTRAINT "FK_INSUMO_PROVEEDOR" FOREIGN KEY ("PROVEEDOR_ID")
	  REFERENCES "GUSTAVO_ALVA"."PROVEEDORES" ("PROVEEDOR_ID") ENABLE;
--------------------------------------------------------
--  Ref Constraints for Table MERMAS
--------------------------------------------------------

  ALTER TABLE "GUSTAVO_ALVA"."MERMAS" ADD CONSTRAINT "FK_MERMA_INSUMO" FOREIGN KEY ("INSUMO_ID")
	  REFERENCES "GUSTAVO_ALVA"."INSUMOS" ("INSUMO_ID") ENABLE;
  ALTER TABLE "GUSTAVO_ALVA"."MERMAS" ADD CONSTRAINT "FK_MERMA_EMP" FOREIGN KEY ("EMPLEADO_ID")
	  REFERENCES "GUSTAVO_ALVA"."EMPLEADOS" ("EMPLEADO_ID") ENABLE;
--------------------------------------------------------
--  Ref Constraints for Table PLATOS_MENU
--------------------------------------------------------

  ALTER TABLE "GUSTAVO_ALVA"."PLATOS_MENU" ADD CONSTRAINT "FK_PLATO_CAT" FOREIGN KEY ("CATEGORIA_ID")
	  REFERENCES "GUSTAVO_ALVA"."CATEGORIAS_MENU" ("CATEGORIA_ID") ENABLE;
--------------------------------------------------------
--  Ref Constraints for Table RECETAS_ESCANDALLO
--------------------------------------------------------

  ALTER TABLE "GUSTAVO_ALVA"."RECETAS_ESCANDALLO" ADD CONSTRAINT "FK_RECETA_PLATO" FOREIGN KEY ("PLATO_ID")
	  REFERENCES "GUSTAVO_ALVA"."PLATOS_MENU" ("PLATO_ID") ENABLE;
  ALTER TABLE "GUSTAVO_ALVA"."RECETAS_ESCANDALLO" ADD CONSTRAINT "FK_RECETA_INSUMO" FOREIGN KEY ("INSUMO_ID")
	  REFERENCES "GUSTAVO_ALVA"."INSUMOS" ("INSUMO_ID") ENABLE;
--------------------------------------------------------
--  Ref Constraints for Table USUARIOS
--------------------------------------------------------

  ALTER TABLE "GUSTAVO_ALVA"."USUARIOS" ADD CONSTRAINT "FK_USUARIO_EMPLEADO" FOREIGN KEY ("EMPLEADO_ID")
	  REFERENCES "GUSTAVO_ALVA"."EMPLEADOS" ("EMPLEADO_ID") ENABLE;
  ALTER TABLE "GUSTAVO_ALVA"."USUARIOS" ADD CONSTRAINT "FK_USUARIO_ROL" FOREIGN KEY ("ROL_ID")
	  REFERENCES "GUSTAVO_ALVA"."ROLES" ("ROL_ID") ENABLE;
--------------------------------------------------------
--  Ref Constraints for Table VENTAS_CABECERA
--------------------------------------------------------

  ALTER TABLE "GUSTAVO_ALVA"."VENTAS_CABECERA" ADD CONSTRAINT "FK_VENTA_MESA" FOREIGN KEY ("MESA_ID")
	  REFERENCES "GUSTAVO_ALVA"."MESAS" ("MESA_ID") ENABLE;
  ALTER TABLE "GUSTAVO_ALVA"."VENTAS_CABECERA" ADD CONSTRAINT "FK_VENTA_EMP" FOREIGN KEY ("EMPLEADO_ID")
	  REFERENCES "GUSTAVO_ALVA"."EMPLEADOS" ("EMPLEADO_ID") ENABLE;
  ALTER TABLE "GUSTAVO_ALVA"."VENTAS_CABECERA" ADD CONSTRAINT "FK_VENTA_CLI" FOREIGN KEY ("CLIENTE_ID")
	  REFERENCES "GUSTAVO_ALVA"."CLIENTES" ("CLIENTE_ID") ENABLE;
  ALTER TABLE "GUSTAVO_ALVA"."VENTAS_CABECERA" ADD CONSTRAINT "FK_VENTA_CAJA_DIARIA" FOREIGN KEY ("CAJA_ID")
	  REFERENCES "GUSTAVO_ALVA"."CAJA_DIARIA" ("CAJA_ID") ENABLE;
--------------------------------------------------------
--  Ref Constraints for Table VENTAS_DETALLE
--------------------------------------------------------

  ALTER TABLE "GUSTAVO_ALVA"."VENTAS_DETALLE" ADD CONSTRAINT "FK_DET_VENTA" FOREIGN KEY ("VENTA_ID")
	  REFERENCES "GUSTAVO_ALVA"."VENTAS_CABECERA" ("VENTA_ID") ENABLE;
  ALTER TABLE "GUSTAVO_ALVA"."VENTAS_DETALLE" ADD CONSTRAINT "FK_DET_PLATO" FOREIGN KEY ("PLATO_ID")
	  REFERENCES "GUSTAVO_ALVA"."PLATOS_MENU" ("PLATO_ID") ENABLE;
